subject,f1,f2,f3,f4,f5,f6,f7,f8,f9,f10,f11,f12,f13,f14,f15,f16,f17,f18,f19,f20,f21,f22
subject_1,5.897983970399177,6.885160868791542,0.1925389815033511,0.0013453355754934363,0.38342747554972173,0.002389034489209036,0.2373309903327282,0.004568026275550292,0.3345544719804109,0.005881089510402482,12.863042522560466,2.3773360487186546,27.512106973471983,9.179097736924806,0.06200056480504407,0.010680355413189783,0.00415873054682948,0.0007125330559062526,0.08525126428813225,0.015388064340806848,0.005738587447117569,0.0010303348580778654
subject_2,6.474280138878108,7.008481823352072,0.08256193975763287,0.0021369387188143974,0.16484826836952662,0.0037976999634976266,0.12576226915228006,0.006640639447062401,0.17763042176592814,0.008561928139395786,44.94279407009934,2.9912000111859256,62.51244316305367,10.870087652868962,0.06773540497049312,9.921037496517177e-05,0.004355904629861776,6.210555754281933e-06,0.14261206818607478,0.0007587232381165946,0.009185498884139056,4.7501914217318966e-05
subject_3,6.473655857990947,6.837738561624514,0.08818208234646474,0.0017346643531739106,0.17579478777363253,0.003246721909864537,0.13212977986500388,0.005752213859305356,0.1864051086450256,0.007718064179174775,44.725456364227064,2.7666042675875655,62.226944533471645,10.409088498584778,0.07429438318052044,9.785725784709805e-05,0.004781503040661259,6.126593373116413e-06,0.15133328664664233,0.0007324555940228002,0.009756017544002503,4.586316839124555e-05
subject_4,5.897548227912463,6.896700573538161,0.19184081420969,0.0022363699225998344,0.3805502119379192,0.003849707027754978,0.23668525634188053,0.0066412805867155054,0.3326814729973701,0.008461659709693757,12.901641986586831,2.8763064519323485,27.60037865962201,10.196219093604437,0.06187283134103603,0.013859958202138317,0.004149910660738507,0.0009254605791865954,0.0852316519895157,0.019496060463477703,0.005736853272339608,0.0013067537319856682
subject_5,6.473586154302636,6.991984978825329,0.09048992540786104,0.0018833536926277272,0.17921598303077574,0.0032681351240087366,0.13471489641631224,0.0058181597482886175,0.18913135305898912,0.007423175416991945,44.87544424846919,2.821762503397585,62.366090911984905,10.559924287775145,0.07742924556255874,0.00011545919921213668,0.0049857056099966495,7.228310040469001e-06,0.1556855968639649,0.0008232460036169211,0.010041954884038506,5.154664240814877e-05
subject_6,6.473822239619213,6.855699643795933,0.08572226054223266,0.0020776093563606495,0.17134836358714858,0.003731203581298674,0.12935572672047738,0.0066422547263853965,0.18285896423657325,0.008579404896687825,44.75973424887417,2.804069898345254,62.31562175077843,10.048489821477332,0.07131194935639593,0.00011300431256475192,0.004587766413122787,7.074548442060084e-06,0.14733677182521798,0.0008098406909587775,0.009494231304036246,5.070668107445195e-05
subject_7,6.473885002613228,6.867248600620639,0.08772310953291391,0.0017154398801684505,0.17416457518263143,0.0030917047642722794,0.13161365870786065,0.005350553453741574,0.1851120209534856,0.007136162268186907,45.171383482037164,2.5999972699868557,62.57635866156783,9.474962044029313,0.07444017231404926,0.00011956375666654921,0.004791900052633498,7.4861457369849495e-06,0.15202829887777725,0.0008199083079376757,0.009802805487642475,5.134422190182641e-05
subject_8,5.8778327274173074,6.994067034679044,0.19498628960388786,0.0016542586552610304,0.3861205716250393,0.0030570645298795066,0.23958989942660813,0.005370383938995384,0.3363366972951211,0.0071148634586699865,12.846401387994941,2.859030965602759,27.225019295475406,10.313400209822351,0.06294139682931482,0.01330284958167716,0.004226110986517538,0.0008875408743497551,0.08599512444459788,0.018940962236270762,0.005794761446084667,0.0012684148213097973
subject_9,6.4735404280646955,6.875719745273357,0.09138795110283761,0.0019274195102707515,0.1807318503390664,0.0033996400670635333,0.13571634477025665,0.0060066710291286785,0.1903285905734213,0.007730728027343301,44.7860863533887,2.946486650091229,62.282366318963064,10.29273356086236,0.07841228404709163,0.00011838870499276613,0.005049453236672025,7.412283741392258e-06,0.1568820491321033,0.0008492421984959626,0.010120199474568993,5.3178380042906275e-05
subject_10,6.473713066149325,6.96138725526191,0.08819659610333414,0.002280331395182585,0.17400001772474516,0.004018126824380033,0.13214608981140627,0.006767937943252619,0.1849842419868805,0.008647588017887824,44.795135587152814,3.272333196919374,62.298162950982324,11.67710901540666,0.07442479902263083,0.00011682579635469503,0.004790141839333261,7.313553521250008e-06,0.15158642748684134,0.0008717613582096404,0.009772838799052433,5.458136540662877e-05
subject_11,6.473926915400986,7.025729721757848,0.09134136294067835,0.0015052192385958253,0.18120750037835331,0.002839444246704061,0.13566445189493456,0.005030710539850881,0.19070023843609213,0.006778522163077457,45.30588381218188,3.0418543020884194,62.73341656360173,11.166058411092802,0.07924091639551861,0.00010035537140202054,0.005104362756217653,6.28226013985354e-06,0.1585806981028575,0.0007688402705281757,0.010232862470714072,4.813551104778991e-05
subject_12,5.87293111376444,6.985258760063974,0.1934468957400809,0.0015818110062030704,0.38567839848364294,0.002917795305730441,0.23816984419572357,0.005168301603805538,0.33602552498812827,0.0067756562566757585,12.768933007211396,2.860337748672023,27.019449255913578,10.186872556826444,0.06188413051830669,0.01309366156302436,0.004153908443690464,0.0008734326432766672,0.08488934813172169,0.018747457499628428,0.005718432868531881,0.001255170791226022
subject_13,6.473131367880731,6.968915057058229,0.09193694750937423,0.0020064949242399235,0.18337868596324985,0.003570296834011636,0.13632735509989827,0.006174902324293349,0.19240435336732595,0.008032673445142198,44.6692497128188,2.8909471059086345,62.128259183832114,10.366830679575376,0.07890217262728329,0.0001267132800797694,0.005081284685559885,7.934244282924098e-06,0.15738794197056433,0.0008829333894501439,0.010153507837369473,5.5293852109419104e-05
subject_14,6.473645893039357,6.9863716148728034,0.08736871641055186,0.0016984571704814326,0.17236472573349587,0.0031074256533512733,0.1312146768751603,0.005399266520314423,0.183678807120407,0.007168905350740864,44.56648447056009,3.0482622348900996,62.11872647479894,11.055993473247534,0.07303229484271254,0.00010462854164513786,0.004699176684338162,6.549801710261112e-06,0.1494563609453383,0.0007910622629750099,0.009632619721632174,4.9527254607052254e-05
subject_15,6.4735196153872785,7.063125532570929,0.08993297542761736,0.0018827004595370358,0.17882774490009878,0.003390080490890385,0.1340925564324098,0.005943489381711764,0.18881406561590264,0.007758082539907979,44.79771734247304,3.043989075554742,62.24080695443889,11.013947256318605,0.07659845554035019,0.00010607047124625866,0.004931505782406912,6.639527465856757e-06,0.15449345516013688,0.000797967994539221,0.009963533757938944,4.9955615224738266e-05
subject_16,6.473632248638474,6.9307422063383255,0.08877505347765592,0.0022253412978874808,0.17518339735018437,0.0039597325480172805,0.13279559091001883,0.006763592816209321,0.1859271010372283,0.008768436398466943,44.83344353088225,3.04692657066114,62.304873060069276,11.159654798294001,0.0752085989777753,0.00010246979183903542,0.004841151247345153,6.414794509802867e-06,0.1526807500512816,0.0007800241489937562,0.009844639308225378,4.883709188708606e-05
subject_17,6.473235833422,6.909533276192217,0.0898858662037182,0.0016351569899062984,0.17923942680923619,0.003061965124398436,0.13403987211430862,0.005407175014908292,0.18913782986438657,0.007270338619658007,44.76175441886439,2.9259245913438123,62.177346803062626,10.792308849913697,0.07647675230431183,0.0001018560458291835,0.004923654486245226,6.37620239416405e-06,0.15428858114507024,0.0007664889068510973,0.009950280623592826,4.798851230387296e-05
subject_18,6.473646223857848,6.971870882277285,0.09004271840575752,0.0017867766742869977,0.17917108762163048,0.0033380916431201843,0.13421526008677223,0.00568499113734874,0.18908498376729718,0.007662444069222011,44.903852376070894,3.0895010509876286,62.367823754453525,11.425053186623556,0.0769135441715718,0.00011909184241271133,0.004952210825673634,7.45602122882865e-06,0.15503400544041157,0.0008661975771706813,0.009999259759240485,5.423781349153229e-05
subject_19,6.473399272635722,7.029123399020857,0.09017207138435072,0.0015594200741272553,0.18018960122454672,0.0029245832379926123,0.13435984169426124,0.005097497837602284,0.1898903276970422,0.006861974549408689,44.85116075144873,2.922176288233863,62.311982200096864,10.814238729126346,0.07698664702293045,0.00010425501207963108,0.0049569377261775354,6.526833514611484e-06,0.15506949428751457,0.0007781184317088701,0.010001614093524023,4.872012180949777e-05
subject_20,6.474191566160799,6.973916852084462,0.08832050721602873,0.0028312507628262657,0.1714614570937484,0.0049116867116939245,0.1322853085777933,0.007829630306201308,0.1829873910596932,0.010085883367795848,44.77855904897054,3.100702020857069,62.39128583017574,10.691894942880563,0.07455719042432564,0.00014492673597142812,0.004798465482126603,9.074283117255285e-06,0.15174902768833698,0.0009884553741097996,0.009782942843808642,6.189979341456901e-05
subject_21,6.473544233923283,6.846958913920349,0.08932563301357999,0.0018905450746889388,0.1784384264044133,0.003278710124779269,0.13341280821561732,0.005715088972868306,0.1885042436105959,0.007376494098396773,44.96017996831374,2.8682349902210813,62.36563316984318,10.3444029493898,0.07610439027464322,0.00013673616045075448,0.004899739367611716,8.561892618537151e-06,0.15402031441575667,0.0009264471033252105,0.009932989972270812,5.801980178861938e-05
subject_22,5.849995241554221,7.1242788351365185,0.19108375224526641,0.0027218831992303454,0.3797395401250396,0.004528421774387021,0.23598438642466635,0.007566216077330784,0.3321426943486189,0.009300828361579208,12.381602345090924,3.3857345942294956,26.585919203958433,11.716961940308112,0.05888992857816547,0.016407148018701488,0.003949169485927216,0.0010959558999799907,0.08128453771474782,0.023030500928699224,0.005470178445171005,0.0015443103299322808
subject_23,5.852369445677672,7.055751148233157,0.19221422300930413,0.0018083131717200886,0.38406883586508744,0.003078718075596694,0.2370306945834801,0.005769419539451191,0.3349748296394279,0.007207587255662383,12.444746151114954,3.04176484635382,26.700397633420522,11.297936050475533,0.05967101453085141,0.013955340690700733,0.004004239795484732,0.0009311806048332269,0.08211789448313613,0.019963416152058718,0.005530084243878184,0.0013369858528471813
subject_24,6.47328728243093,7.060437361889323,0.08980007907206394,0.0017501566646182917,0.17956879026780612,0.0031501419980742478,0.13394391485478488,0.005335464679219203,0.18940024454004922,0.00702487975934273,44.93412275025339,3.1383051191917573,62.317653851264936,11.049215193104825,0.07665536835753645,0.0001368169803187111,0.004935633818875947,8.566432061799494e-06,0.15472317088629028,0.0009550707666635928,0.00997925889209924,5.980820281386664e-05
subject_25,6.4735682203046,6.915799713600766,0.08839700791009598,0.001886298768181456,0.17563355991675114,0.0034727275490490893,0.13237123558617525,0.005764671706854196,0.1862802673964283,0.007651695601766109,44.65979376826623,3.090388707440309,62.164512956961595,11.163646889448861,0.07445389917362927,0.000133748017700952,0.004791788303218025,8.374036046915673e-06,0.15147289152727175,0.0009359351645371489,0.009765096438925352,5.8608165343678194e-05
subject_26,6.473649364889853,6.902391856150536,0.08889391457762216,0.0020503820807742184,0.17518870364213002,0.0037468090178665375,0.13292891882001512,0.006321072697782227,0.185931143682577,0.008398673113706878,44.21892676208958,2.9321315962858874,61.915018633710446,10.348003248144616,0.07435167298382922,0.00011980797798853942,0.0047841638526264834,7.501134217474604e-06,0.15083952311453022,0.0008546222527083378,0.009722238849520998,5.3515287961826224e-05
subject_27,5.909896597401767,6.882015564192113,0.19163038502681976,0.002133914853621207,0.38173462709425304,0.003621547308946394,0.23649051551988856,0.006683424478097229,0.33344570981851274,0.00832057614958679,13.09797636547474,2.738008081310927,27.676176020793854,9.851443690923945,0.06281771828857348,0.012391466423505568,0.004211083641167177,0.000825765741388395,0.08658125153412081,0.017818879039337553,0.005824622547399481,0.001191739293692043
subject_28,6.473700919329076,6.999009331976333,0.0897146542353617,0.001965253710650762,0.17596839490492025,0.0035309314046597052,0.13384834006554336,0.005958904993632149,0.1865578474749456,0.0077654668477047896,44.85223224909618,3.1704703424916123,62.35360504517895,11.118449737953194,0.07641649763186126,0.0001434743237937666,0.004919714793928776,8.983206105018867e-06,0.15431474220142263,0.0009891608109333903,0.009951812561979006,6.194281588417181e-05
subject_29,6.473366503267965,6.955670819160025,0.08931677998989244,0.0020501702797580184,0.17561043132877632,0.0035460601385273642,0.1334028912297717,0.006357309230749623,0.1862685061909165,0.00811173719260005,44.68624794121944,2.9671857092115617,62.16136368580404,10.541347696219223,0.07564057013561777,0.0001450749768819768,0.004869077464009926,9.08369781389318e-06,0.15308917276057898,0.0009747105026159167,0.009871320091307636,6.104023883387372e-05
subject_30,6.473770286244297,6.911164411889918,0.08813293914083994,0.0022202161894137864,0.1728367127988781,0.004005860126994978,0.1320745498238887,0.006515242275197994,0.18406258957151686,0.008601676037069904,44.838944138902605,2.9448584655318597,62.33870224823882,10.215050204100901,0.07441743569146766,0.00012428709777067746,0.004789699863053162,7.781592227566614e-06,0.15162641453230244,0.0008770527422034859,0.0097754696258263,5.4920180149785e-05
subject_31,5.8694594058552685,6.96889179200293,0.1924747034212976,0.0015498505426461986,0.38342896591911424,0.00289081327661222,0.23727156411635686,0.005184671392473035,0.3345550686012387,0.0069433169946042615,12.550673759344852,2.771896598917065,26.944843077767057,10.19394201677441,0.06035434307139762,0.012530976130326051,0.0040490032737101455,0.0008357401428078531,0.08300161805804243,0.01801868058217321,0.005588110931198745,0.0012061385356151133
subject_32,6.473222579729624,7.056077716222148,0.09113141338752133,0.0015406648295856569,0.18113772983369245,0.002798026118959743,0.13543051448579774,0.0050098571305856165,0.19064100291267935,0.0065775934456779594,44.82686320940653,2.9807291067007817,62.24571560495885,11.18726010154424,0.07815385311809551,0.00010404843894042366,0.00503289550110801,6.513498758528983e-06,0.15658596113031928,0.0007822696936069203,0.01010121889694947,4.8976925058648247e-05
subject_33,5.8330934041218265,6.939238905263165,0.19187326445204791,0.0018875631900840983,0.3816217982145267,0.003306189572565703,0.23671528253147542,0.005713475769300706,0.333374427372182,0.007372455366628595,12.362906826866999,2.8522041975849803,26.214478011737093,10.058145533308736,0.059114084343163856,0.01388557550003145,0.003966076992930631,0.0009277637406266446,0.08142432401532516,0.019459447781759526,0.005482255638866302,0.0013051487888545495
subject_34,6.473764319091142,7.1058565550134904,0.08920498822065372,0.0020366356238615095,0.1759132631603708,0.003734290381615753,0.13327764309858656,0.006128290136973341,0.1865075709941186,0.008093758111620242,44.99014856357767,3.4888635464388913,62.46620269747241,12.635972080108854,0.07600389407399563,0.00012886134246099253,0.004893186285425076,8.06699569633874e-06,0.1539213835201918,0.0009507380365458758,0.009926418779188272,5.9526237572497034e-05
subject_35,6.473843619762998,7.07272525977428,0.09037657740823846,0.0018694907250134585,0.1771138268852176,0.003265778199835057,0.1345883183243666,0.005843241749377553,0.18746986103092161,0.0075293850226171915,44.88377136413497,3.232565191056993,62.39631170289285,11.869136690127226,0.07730324007531389,0.0001253834435042281,0.004977386398723236,7.849912354820084e-06,0.15553012062597416,0.0009100710429488921,0.010031490897046165,5.698496070670024e-05
subject_36,5.878221185470661,6.813225820225736,0.19065335285441626,0.0022230718949604903,0.3806348546707583,0.003822750494923182,0.2355856234803763,0.006584928845491615,0.3327249341003008,0.008207290352077058,12.685221865923717,2.6756111202817974,27.187924294110086,9.31128836999109,0.060244445683965794,0.012521695192316915,0.004039333187925709,0.0008352402634272606,0.08324882773991317,0.01779584505722987,0.005601395891908148,0.0011914794698437102
subject_37,6.473485790597097,6.98627085133383,0.09138856370998924,0.0017730970182793708,0.17812980385421662,0.0032986660937915943,0.13571702708723113,0.005405335045688659,0.18828379415913718,0.0072871906961114305,44.712946561851886,2.9663093065974686,62.20122305508226,10.55503001899872,0.07828842025573153,0.00012203020881526813,0.005041237884697785,7.64029580456185e-06,0.15663368074766346,0.0008685040769731812,0.010103700129205487,5.438478653114664e-05
subject_38,5.87120052876575,6.859950951668589,0.19467853813385616,0.002230330133522657,0.3874754981515369,0.003764033081478144,0.23930623063435225,0.006529569857746491,0.3372008652664824,0.008218523134770797,12.649064044157663,2.655303857543252,26.961041601857826,9.393707629769118,0.06182888976045349,0.012377022237210307,0.004150672748554262,0.0008258623863993107,0.08454249274743483,0.01761110843718844,0.005695830007556673,0.0011795044422884791
subject_39,6.473291716073524,6.871674681427252,0.09181478616187408,0.0016382866832293558,0.1820451126107693,0.0029140414522658186,0.1361914736493406,0.0052445640460384,0.19136254503368583,0.006809420110192313,44.86606622464729,2.664867108518427,62.28590756484768,9.745915845555064,0.07908683083227612,0.00010308390362514365,0.005093657537747386,6.453279731977846e-06,0.15786174457503718,0.0007489179134978499,0.010185008797971028,4.6890414873060256e-05
subject_40,6.473706579893594,6.997048449817041,0.08948402836915897,0.002678121543222459,0.17808881437823298,0.00428971526387669,0.13359019813114373,0.007690658419091328,0.1882275400378056,0.009291648264035562,44.794545233851736,3.256717101492063,62.310875210580846,11.329866859613293,0.07603084462823152,0.00016104593647400074,0.004894559974939945,1.0085218906743361e-05,0.1537345607518546,0.001077860364336531,0.00991369376913692,6.751013732550775e-05
subject_41,6.473166619793002,7.049739084235905,0.09291024016939275,0.002106518249865957,0.1825815075707216,0.0036168992611019216,0.1374083535582884,0.00616292232495163,0.1917878307795054,0.007889577248828387,44.73264565130677,2.99372636248367,62.12979980272728,10.954224724696365,0.08024648926390561,0.0001462399920114911,0.0051689128709255005,9.157376493532372e-06,0.1592249793180021,0.0009828000044824058,0.010274300767163897,6.155175206558144e-05
subject_42,6.47374970973574,6.9271411275138846,0.09041112632390366,0.0018462187545990024,0.18064146104053858,0.003395478274428316,0.13462690402683833,0.005845704490554837,0.19024721616169923,0.007730512595342828,44.85590111125599,3.0460783568295566,62.41823706864299,10.931439810647756,0.07729859383791435,0.00011687232990052664,0.0049770944924551,7.317252522713476e-06,0.15549091290061984,0.0008513659938114905,0.010028983543063492,5.331047391201397e-05
subject_43,6.473700035792432,6.861203872316401,0.0875412029971877,0.0024260601358814565,0.17440483589919398,0.0040472639712941,0.13140891565943302,0.006974447805476226,0.1852988483752633,0.008740509597650235,44.75391638760615,2.8814100352200596,62.247005653420935,9.907135595935262,0.0735450487458465,0.0001276098907288854,0.004732867162465108,7.989542446256855e-06,0.15035673597170823,0.0008861572460515028,0.009692106950768168,5.5489941937939306e-05
subject_44,5.894613130772014,6.886132100141471,0.19108654000402775,0.0020946131693618353,0.38059259088921366,0.0035530017220532775,0.23598696853722176,0.0062240796646612405,0.33269741583148654,0.007920379669561129,12.805602255493705,2.905927336577213,27.254276406048387,10.352604946184071,0.06103381944011922,0.013577025535652544,0.004091149923727277,0.000905901434900993,0.08424317992451619,0.019304462768833106,0.005666801049366519,0.0012928277364324524
subject_45,6.47338547563197,6.9952530373843755,0.08979072035585288,0.0016543674091173918,0.17951099927590985,0.0030835432157962778,0.13393344526975431,0.005426992212422292,0.18935424501753714,0.007232148693437817,44.85308099756337,3.0270313524236583,62.27049977360089,11.170680563650217,0.0765099020089147,0.0001353662027442564,0.004925961737301812,8.475564758333045e-06,0.15443761520533084,0.0009369625116024949,0.009960222632054776,5.8674171578343636e-05
subject_46,6.473598883065566,6.8893945766918065,0.08749645224832882,0.00224312402135767,0.17487701169997755,0.003912126514312712,0.13135853061474606,0.0064230475689124,0.18567591147879128,0.008233105638371416,45.00542086784286,2.7656949674240265,62.399766408694376,9.385119869340388,0.073889427132507,0.00012911399687929266,0.0047558622092516495,8.084497473740085e-06,0.1510996654717386,0.0008809433930174033,0.009741690359417458,5.5169109691399626e-05
subject_47,6.473797279414618,6.918835152449521,0.09049594967979831,0.0019797274247068124,0.17818684193418013,0.0033871424253671656,0.1347216227376095,0.006012454421092535,0.18831292275748962,0.007639023511696207,44.51228248230135,2.8819565580348776,62.15139425881995,10.391928429535106,0.07682901847835649,0.00013224672992196083,0.0049457890267807555,8.280815385182556e-06,0.15447344783866918,0.0009075015758395363,0.00996122447855064,5.6833322311578925e-05
subject_48,6.47365665704545,6.998622532159738,0.08854897355723171,0.0019414651333407233,0.1765081253837065,0.0034813936391489136,0.13254187112007573,0.005970196112181599,0.1869721367900441,0.007851383906234738,44.67411777106199,2.997260292973181,62.21440874927248,10.91822324775926,0.07466657494107125,0.00011774772911202803,0.004805616566130626,7.371852648107885e-06,0.1517745866410554,0.0008510246126365986,0.009784859957897492,5.32877127607451e-05
subject_49,6.473899915063692,6.883457724158352,0.08559240916524657,0.002039589595073429,0.17117107715662042,0.003814076468671573,0.12920873863094628,0.006367591612017757,0.1827176400128352,0.008610146614411248,44.77310568997354,2.905570316796351,62.331279970315336,10.09704155635951,0.07117354004865235,0.00011117449804014072,0.004578792312015416,6.960566710709706e-06,0.14716279396633178,0.0008106016909949761,0.009482852774968537,5.0758260123934055e-05
subject_50,5.904705532227382,6.851656299569909,0.1949074212447936,0.0016966772293419373,0.38815496406061917,0.0030334214254036838,0.23951721347849078,0.005378957564535097,0.33764337238661274,0.007011186367135789,13.12030159704613,2.47774543726083,27.801126002315495,9.026411435290164,0.06439676059410038,0.011351726662724595,0.004322998190371038,0.0007570988131772994,0.08800156498121603,0.0162504918481085,0.005928813671973492,0.0010877791211312312
subject_51,5.865577311282461,7.020060392103303,0.1923286924240752,0.0015504387174118922,0.3839904808760721,0.0027825395263734675,0.23713655594419136,0.005043175597883909,0.33492249063562085,0.006591770183930128,12.687674117810799,3.0520040158069492,27.117075287728355,11.14081002789894,0.06097669618899647,0.013694473038878522,0.004091359615127743,0.000913014501083371,0.0838895825397634,0.01974505192286591,0.005648715924223836,0.0013211692534500449
subject_52,5.889417968328023,6.969818231473228,0.18824637930081556,0.0019112129341335663,0.3757607500038477,0.0035762555488962258,0.2333514063984303,0.006208518836912954,0.3295241744820861,0.008261026390079827,12.815266628458042,3.2114365937733886,27.387086121510198,10.97574611496405,0.059870514370160735,0.014509281249801793,0.004009583635796585,0.0009672703962241194,0.08326407084655439,0.020872156416833036,0.005595662583082545,0.0013965102687734999
subject_53,5.884206168322283,6.968862153129254,0.19101786805436982,0.0018803289746917554,0.3790999716341527,0.003362354171134587,0.23592335960907274,0.005540565957502431,0.3317279962331841,0.00740345683131063,12.723832269509632,2.816778015006672,27.16339124059847,10.095158965709645,0.060635220156938716,0.013360072027959895,0.0040642386732404065,0.0008911525110262697,0.08370817942274722,0.018902300932533082,0.005630539607726896,0.0012655706372284136
subject_54,6.473747644481084,7.03064010533027,0.0894781983311057,0.0020750471234613657,0.17865747141136673,0.003675151574338081,0.13358367035493748,0.006433771560934839,0.18867742493933048,0.008312687461921205,44.73869611157311,3.261705073443326,62.334538874547825,11.737911857778808,0.07593275844708926,0.00012366580379112374,0.0048879936154639664,7.74237286855696e-06,0.1535412345477629,0.0009044446333859024,0.009900716751605705,5.6632519294893506e-05
subject_55,6.473862175782642,6.926421411603707,0.08893866574170826,0.0017512882026968879,0.17458884073481093,0.0031966267899689186,0.1329791051822489,0.005614396300616302,0.1854579537822136,0.007462446135607977,44.790387478741735,2.9666187365849814,62.3054261929212,10.740022682381666,0.07534380284491769,0.0001284636882846143,0.004849790723241321,8.042690461407614e-06,0.1528138265075982,0.0008988125733615177,0.009853121855827752,5.6280121155162525e-05
subject_56,6.474078816870598,7.088046541826895,0.08618440926482941,0.0020544954721299197,0.1705634803560905,0.003832200908121925,0.12987841522622928,0.00648127014860561,0.18224070479700905,0.008701776554793055,44.66077844301859,3.406485752625899,62.26427755202146,11.99024343505087,0.07172746756000956,0.00013513607302824591,0.0046144438895683116,8.460490025558193e-06,0.14779564075022664,0.0009735272717296325,0.009523772448863453,6.0958403961040205e-05
subject_57,6.4735106209770255,7.124198505048975,0.08856546857870856,0.0018698596427465979,0.17621893922778664,0.0034540483986213503,0.1325603882469738,0.0056536942474811926,0.18674359595124143,0.007581141455497388,44.91877527670427,3.5039451417296825,62.33788713816579,12.541867664303597,0.0750832596806241,0.0001488122044230516,0.00483329984671386,9.316771361380037e-06,0.1526073833437445,0.0010479442730087958,0.009840309486837522,6.561893382730827e-05
subject_58,5.9082792958422266,6.9412178489395195,0.18878205289240502,0.0016761197569968218,0.3770731244859919,0.003008198225283226,0.23384924775077676,0.005440760166168786,0.3303876650913633,0.007109835914004629,12.965157752085215,2.9521766816726838,27.674759893397482,10.94814076439147,0.06085975174357507,0.013616155713423686,0.004076297426173203,0.0009078117072989918,0.08451864424615152,0.019451746966870093,0.005680670255601932,0.0013016070848845642
subject_59,6.473957092535437,6.9927083523486155,0.0901434017629575,0.001918732024205119,0.1793652290003907,0.0033564461445329203,0.13432780129490665,0.006015766160101654,0.1892386646649388,0.007714319117978272,44.95927921449295,3.052153731837417,62.4971114577747,10.953969707921443,0.07713632149642216,0.00011251730872093313,0.004966648745163853,7.04428133681248e-06,0.1553958166926901,0.0008306543188688046,0.010022803469305775,5.201109705923276e-05
subject_60,6.473623327208698,6.923276190067624,0.09043080495376758,0.002182806835021317,0.17957431875446786,0.003756174902361735,0.13464888031213498,0.006743720096638576,0.18940741209126633,0.008579325700065955,44.970139720223166,2.898579655271588,62.395154267633465,10.498783694109441,0.07751399278858481,0.00011605058862700871,0.004991395990500026,7.265413634867644e-06,0.15590719717722795,0.000833481981576228,0.0100567059260701,5.2188021259988286e-05
subject_61,5.883707789056062,6.8595401246541385,0.1946655999037032,0.002005933696782177,0.38344534564054705,0.0036207595977754215,0.23929430241344699,0.006274376271408436,0.33458042670898314,0.008153183202975998,12.818005396862223,2.774822382011799,27.168579358947465,9.806399449309367,0.06273947833161857,0.012682141375655882,0.004209981169638672,0.0008447748772049209,0.08579053784846273,0.01816115446725129,0.005777409671619333,0.0012141588541303462
subject_62,5.871230684733998,6.9162447343577815,0.19038419981650542,0.0020893404771251,0.37776905021577006,0.0036781925969111484,0.23533614013228668,0.006704094784307104,0.3308549994717868,0.0085177299445126,12.649818968893301,2.643111173552696,26.954085750542184,9.707274407355115,0.05996129942016652,0.01215718158535922,0.00401932940882983,0.0008108987334302687,0.08291662884839232,0.017379583805608806,0.00557760449659497,0.0011634914089455526
subject_63,6.473463786950618,6.924512202408661,0.08717316975936551,0.0021412076876991606,0.17429182776878854,0.0038448481479116765,0.13099435394123202,0.006369180118801073,0.18521013374996523,0.008306583374180313,44.838691156319896,3.0200944651256907,62.23172506839436,10.206636755989294,0.07322195387440578,0.00011936065005359543,0.004712154534378691,7.471947432133843e-06,0.15001328483216714,0.0008609986951873568,0.009670062857667274,5.3905888769308244e-05
subject_64,6.47403174045145,7.049483866372892,0.08961492435590744,0.0020418113746536815,0.17383422161814396,0.0037678229592289347,0.13373673175598652,0.006197496501622304,0.18488555410966487,0.008219399468547228,44.78496013265668,3.045496384302775,62.36890828155061,10.654249684071656,0.07618314761218119,0.00011796086170368275,0.004904242150992752,7.384935130202493e-06,0.15392945709921174,0.0008566128142610625,0.009926038796411286,5.363565578901591e-05
subject_65,6.4735699603597014,7.086147990725788,0.09032652186860353,0.001919450927881624,0.17969691042324157,0.0034451391300213434,0.13453240762041876,0.0059420659303447846,0.18950127383440005,0.007729407853116824,45.029209483753554,3.2969637350602583,62.47248030922329,11.599703751659359,0.07748041469045937,0.00012674314868566162,0.004989377307943582,7.935062658698511e-06,0.15593002308471568,0.0009226856427951308,0.010058446898299324,5.777495473252321e-05
subject_66,6.473647924352492,7.137582239174088,0.09076080317682013,0.0017166228456852411,0.1791248937635385,0.003155362416529426,0.1350172309002886,0.005403001602458813,0.18905583912837684,0.007205657400204259,44.78431197970804,3.2435153229068026,62.306226167868004,11.663282721599613,0.07761773076064991,0.00015531206312452496,0.004997755492078926,9.725040818282813e-06,0.15583042424998264,0.0010507562923093411,0.010051174508692437,6.580481641426996e-05
subject_67,6.473937767828577,6.983961390602517,0.08914810423259616,0.002062232085090733,0.1781538574532582,0.0036346172284517256,0.1332138969296944,0.006214696882258647,0.18827909870045775,0.008094195690684074,45.18089519606696,3.0679171085357666,62.62069815650852,11.238069200423917,0.07624720314751135,0.0001264286444073346,0.004909333659895335,7.91594337527073e-06,0.15446366266499234,0.0008992763041931815,0.009962356513261859,5.631358305217354e-05
subject_68,5.891924919383575,6.8324628544979245,0.19508154763493196,0.0020827563721548662,0.38635804811656854,0.00360441089644371,0.23967768047783214,0.006316675272569775,0.33649103543516445,0.00795306082990339,12.795999230760515,2.873015256241114,27.37639872930762,10.043120825043534,0.06277940334096542,0.013442710820084589,0.004214754714144019,0.0008969307233840891,0.08575270792684557,0.01910357626615441,0.005777775412099401,0.0012794080997370419
subject_69,6.473823101139831,6.8918443374853275,0.08759284455201582,0.002275345922380878,0.17430235814020903,0.003927272075878776,0.13146705108774584,0.0068840207258189,0.1852181109151434,0.00875701001314969,44.81494936678145,3.0499380158655574,62.34812562916643,10.443578104848998,0.0737073102766111,0.0001245437779258663,0.004743504222507701,7.79757613995133e-06,0.1506438598676466,0.0008885922930005099,0.009711022721000329,5.564197923394504e-05
subject_70,5.891792265352715,6.990366703257042,0.19143370964391682,0.001830228875168087,0.380570473096536,0.003341475595206707,0.23630845475633058,0.0056775873302944415,0.33268658415052893,0.007498233044122391,12.781871831778325,2.962393370541659,27.317496809518047,10.943172742967164,0.061097395598074734,0.014043280689866372,0.004096577691267624,0.0009365123759182831,0.08425373042489204,0.019875247188989656,0.0056691589239344,0.001330361764223878
subject_71,6.47340017913533,6.979975848913724,0.08932397637819475,0.00187160940903871,0.17821324830285964,0.003417184526784398,0.13341095250340024,0.005797715730359865,0.18832515374614942,0.00766627554347747,44.66389568646749,2.8384168918686683,62.11811241062956,10.249556925765281,0.07561346489513486,0.00012869473817921743,0.00486723200958369,8.058152225347693e-06,0.1530281136274942,0.0008866813737414033,0.009867180712278148,5.552764124982612e-05
subject_72,6.473475332851972,6.903642735389335,0.08814550235893263,0.0022493294551761685,0.17441645358267951,0.003968378674488856,0.13208866984381984,0.006866152106542734,0.18531934174916045,0.008790648159171773,44.53623443841934,2.7469616080775405,62.07658925200409,9.537088073900234,0.07394185213692031,9.910777049387901e-05,0.004758267270135771,6.204352283408032e-06,0.1506465349683116,0.0007369564936305957,0.009710624471631816,4.6141115244530936e-05
subject_73,6.473827693894553,6.8661608783654975,0.08729889593886901,0.0022991593284173418,0.17334191487757747,0.0039904441707050015,0.13113602412779005,0.0067939525375017695,0.18445561103445524,0.008626129906752215,44.66208947788585,2.85356084505717,62.260623425696295,10.246535463786179,0.07309940109572358,0.00015306343749014098,0.004703688655936124,9.584525992989646e-06,0.14965378956386854,0.0009970652813388263,0.009645728069397154,6.244499747793727e-05
subject_74,5.839673645354359,6.93930333887607,0.19298095471623591,0.0017256200934424831,0.3858280538153011,0.003229313434558393,0.2377394681520341,0.005635399091036031,0.33612609450718023,0.007490289990513237,12.40741631117734,2.6888995008035144,26.613675883138463,9.850424312129675,0.05980284820866239,0.012366604467272052,0.004014360240764296,0.0008251393980762345,0.08213418004176663,0.01765745812580865,0.005533009279192414,0.0011825283144967515
subject_75,5.867442386945662,6.933005827584276,0.19494502448849568,0.0017811554170091566,0.3872522084231298,0.0032467740326698746,0.2395518699588776,0.0057690597243264035,0.3370602575190939,0.00764937824377814,12.711239448099427,2.9490788849917324,27.019828880335176,10.575481012706941,0.06226187594532431,0.014059137155724488,0.004180532883433669,0.0009384575353358252,0.08507578230277033,0.019870183766847363,0.00573287376230332,0.0013313501598025087
subject_76,6.473926444374739,6.934849559115559,0.08701757234498156,0.0019311336239960567,0.17300582905738918,0.003491196216778351,0.130818953638844,0.006003506475390787,0.1841849818832058,0.007782074309079066,44.8999704495825,3.0614118576049805,62.399700133557324,10.62019346114525,0.0731301365960094,0.00011243180295786931,0.004706131191465812,7.038188785942291e-06,0.14995966630317512,0.0008311112633176265,0.009666342623288512,5.203422293743612e-05
subject_77,5.881128833584604,6.97062181825603,0.19414356484809808,0.0014416658614490442,0.3856852137695778,0.0026507296823526432,0.23881285395967106,0.004486844063648694,0.3360365913559846,0.006040206096232971,12.827512264251707,2.5703982476032143,27.302217850642563,9.3893318793887,0.06251466387106439,0.011762336846363512,0.004196270277620198,0.0007844856350577983,0.08559895369563378,0.016844385319042303,0.005766350169738664,0.0011275682795788948
subject_78,5.889939883268969,6.897516634024724,0.19056834072700457,0.002222393691706834,0.3809002710574044,0.003947301841365608,0.23550683355391452,0.007076963549529229,0.33290060971192037,0.0091765655397103,12.788226989784626,2.8165779631547254,27.330817179031698,10.254650938470725,0.060722822685749356,0.012514995706904765,0.0040715554937165365,0.0008338638479213553,0.08392874710700216,0.018090900693976338,0.005647341258176714,0.001209710098672656
subject_79,6.473729227153819,6.92705397848677,0.08623566662461048,0.0017741336303789977,0.17149612265693115,0.0032692511050036203,0.12993634388688796,0.005606242616752049,0.1829778440991108,0.0074548753475945796,44.763049402020194,2.7522033067664715,62.26481542986701,9.945107850844407,0.07194699373884701,9.585130269027844e-05,0.004629077285361161,6.000268463304043e-06,0.14820375787979453,0.0007211964648857575,0.009551131522184073,4.515256281710191e-05
subject_80,6.473457296221741,6.92835727246463,0.09318918969930358,0.0018173857639841406,0.1812737002282595,0.003407425684767914,0.1377176490823399,0.005832054991916774,0.19077753815789855,0.007828520691266844,44.86758799263925,3.0139353203051016,62.32256646865269,10.927367411469495,0.0808419703448839,0.00010982592852400993,0.005207798967518982,6.875827727750101e-06,0.16016518771935306,0.0008139279497302152,0.010336071641856312,5.096405151066564e-05
subject_81,6.4733657829119675,7.064179874190676,0.0890068804933067,0.0018420247219991244,0.17657249002668,0.0033228738603202526,0.13305559272973538,0.005740251035848205,0.18703010551358876,0.007517337157673474,44.94016341007117,3.0634846295973266,62.3155318914768,10.696559377691868,0.07567003196833526,0.00011589717286909566,0.004871527100831776,7.255534464641918e-06,0.15341645923162742,0.0008482692085840474,0.009893485211225808,5.311162797001421e-05
subject_82,5.892615690998021,6.9383893422864915,0.19291825213655017,0.0016322398606971762,0.38574330779852545,0.0030718625201212662,0.23768153179964116,0.005301242865722531,0.3360709617359345,0.007198400581718453,12.96444211584149,2.7705394083803347,27.65044552541843,10.0425501265056,0.06266766557896172,0.013205585173300885,0.004205183674528782,0.0008814941851468454,0.08608298493764283,0.018646590643465234,0.005796966554731661,0.0012493877048194207
subject_83,5.863907659654041,6.984372714584972,0.19065119283809262,0.0019004275340027904,0.3811040545800731,0.003445381707544332,0.23558362166855898,0.006071806897715441,0.33303438090066056,0.007912266750662056,12.596936168092668,3.0979422752303303,27.012070367218083,11.331124737356374,0.059768955585731365,0.014168878261119447,0.004008847368840536,0.0009452600390163337,0.08259217950785151,0.020292782155909378,0.005559152150526674,0.0013587268642029791
subject_84,6.473659577465894,6.994642905353597,0.08876979707409494,0.001908679922100693,0.17738175840609452,0.0033212780868826764,0.1327896937095439,0.005838201774242509,0.18766669003236852,0.007509757746795541,45.05483214602326,3.023036612404717,62.48883458879755,11.502631871257886,0.07556288272782546,0.00011703597198725885,0.004864672080594809,7.326679948204159e-06,0.15340461144966194,0.0008500476230203373,0.00989276319749032,5.322202115336349e-05
subject_85,6.473542126169915,6.962187512881856,0.09001335408311903,0.0018069265867731697,0.17717705793004607,0.003182191716305503,0.13418243149482587,0.005581309358624892,0.1875122158625996,0.007191757882351711,44.72075027648849,2.8914020169865005,62.1912931729223,10.412162823948972,0.07657149502580458,9.649939449656015e-05,0.004929573660829801,6.040337499422618e-06,0.15436977086584197,0.0007364876574679241,0.009955176997799284,4.610591719723894e-05
subject_86,6.473702435571231,7.115773504987722,0.0890499170574024,0.0017300597144351822,0.1772384862246498,0.003237518231657026,0.13310384104622708,0.005475928813547569,0.18755300600816183,0.00732810776574169,44.97514217790931,3.256227074247418,62.44405834883461,11.435768915530165,0.07578333687447261,0.00011471046126585259,0.004878873103142384,7.181352382957598e-06,0.1536088854934776,0.0008597803697988698,0.009906006702422216,5.383284549634635e-05
subject_87,5.89406798029097,6.9741733366535845,0.19289982291914048,0.0023609320246896323,0.3836835442125177,0.003966688401682883,0.23766450255195704,0.006883729537730552,0.3347242077471089,0.008632043395323625,12.866217078584615,3.0571458351732503,27.535785485813324,10.912148107895506,0.06212158284177989,0.014128436345421477,0.00416785957920912,0.0009423464014392159,0.08533700000314068,0.020165475932505967,0.00574578944273919,0.0013499750698150272
subject_88,6.473655640475671,6.9268024266607755,0.09154500785168226,0.002041169463570016,0.1823582224633317,0.0032163289520727154,0.1358912359233377,0.006381122819855573,0.19160110037556424,0.00760810488693058,44.940695507357816,2.8059767653243712,62.407085291947574,10.029294994413691,0.07887541589156925,8.954757209406982e-05,0.005079902300920616,5.6056015124152805e-06,0.15767264951441673,0.0006936889998387597,0.010172478411453792,4.3429636627292015e-05
subject_89,6.473692720763196,7.0272791617718005,0.08871679778322256,0.0021780242534274116,0.17716464488500974,0.003783860008329324,0.13273022850971677,0.006556730136527446,0.18749386975687682,0.008378294224275704,44.81271333164639,3.23119764857822,62.32936655285323,11.427289778340711,0.07510171057227409,0.0001420289309787714,0.004834174782691784,8.891847901024522e-06,0.1525140223763146,0.000988786112653681,0.00983368320893186,6.191318447166543e-05
subject_90,5.882426477652603,6.956408895324717,0.19197379146594157,0.002233087021937091,0.38276309324668334,0.004011630711775049,0.23680829205969267,0.006924471047711229,0.33411871856807335,0.008995269760253291,12.720222180539912,3.1795899025117507,27.151707403683034,10.922387747971108,0.06100666569553396,0.014617254351681557,0.004091932273729664,0.0009749009326340618,0.08400909540014057,0.02090002515826187,0.005654739326609685,0.0013990963284053863
subject_91,6.473628721407127,6.962741099906217,0.08929366088250495,0.0019455900035262525,0.17800634485130848,0.003552596233666981,0.13337699249409765,0.0061589612785343355,0.1881611408698562,0.00805667956982775,44.8917621506585,3.087270167138841,62.38270127881582,10.635729258642131,0.07595216803967542,0.0001231186700548799,0.004889670342522784,7.708370713299235e-06,0.1537398642320312,0.0008853856607723027,0.00991435401006948,5.5441199494040536e-05
subject_92,6.473134918240366,7.061911751194925,0.09050647470747464,0.002302031864392763,0.17989356296417824,0.004142308869023732,0.13473337404968327,0.0068368855254620055,0.18965809506809564,0.008925463578501483,44.46624732017517,3.449510241999771,61.96378731682246,12.31281191889389,0.07675832038724086,0.00016853496098616296,0.004941410609869885,1.0553797622877373e-05,0.15432228493026026,0.0011325482155711112,0.009951826595823799,7.093259063171764e-05
subject_93,6.473409405050517,6.9956138458286565,0.08696798137236966,0.0022647195872277986,0.173052812578188,0.004023190442371184,0.13076303474889123,0.006767378198202092,0.18422140494319622,0.008803649288315556,44.49394995034343,3.0421747499042087,62.021682118033254,10.302396841521404,0.07242123988329226,0.00011051376696978422,0.004659457686482852,6.91874660372482e-06,0.1485484210158399,0.0008198754710057877,0.009573206658960361,5.1335369925716906e-05
subject_94,5.888412674911823,6.996337917983897,0.193113697868796,0.0020310625406283834,0.385778420718243,0.003583193459444985,0.23786210554079387,0.006201008897153033,0.3360921332387578,0.007996122997561427,12.775687841453939,3.3883824348449703,27.36247476501194,12.004537964308021,0.061804873125349116,0.015747135454031672,0.004146467017652804,0.0010506024951518176,0.08485448727124512,0.02243111425370253,0.005713123624648589,0.0015020621078595904
subject_95,6.473336483151488,7.022667932168023,0.09037120213321623,0.002536945491117115,0.17913133735477574,0.00433213858875696,0.134582314656504,0.007556696111026061,0.18906159761020605,0.009423904322603049,44.603060115467414,3.2834239403406777,62.09701288698825,11.386881960055023,0.07682003234181399,0.00015415985632288726,0.00494564576219428,9.652722272899664e-06,0.15456247217284666,0.0010498350689039085,0.009967816861641337,6.574581649848682e-05
subject_96,6.473799705984136,7.076063192366829,0.08638346895400692,0.002337543791334938,0.17196965710559717,0.0039088212646500205,0.13010333496634058,0.006837564233302732,0.18335547958815393,0.008519354618354935,44.84295870077731,3.3241784969965615,62.330119781139686,11.921842994113183,0.07225479143071394,0.00014064026105486328,0.00464920476559162,8.805699975470801e-06,0.14870987308029202,0.0009916293453398224,0.0095844411186979,6.209655616596509e-05
subject_97,6.473546776035874,6.802110412856092,0.08901918575463949,0.0017994667683858892,0.17788255004131825,0.003225149942343283,0.1330693887604897,0.005755903939014696,0.18806393495442988,0.007448230515209936,44.810658227313645,2.615800825032321,62.295724685899195,9.436268537406967,0.07547463911709262,9.146190304160858e-05,0.0048584853991131835,5.726088401325489e-06,0.15300964422147112,0.0006872311786393306,0.009866316120215258,4.303055911769746e-05
subject_98,6.474048229406782,6.741061060043908,0.09036020123539541,0.0016684224013270728,0.1798177278023158,0.0029969427487552217,0.13457002742794308,0.0054393345813541685,0.18959647713032005,0.007080546943450675,44.897923821150655,2.4458429524392793,62.46522783434668,8.853894816286486,0.07730795603049724,9.402700644756552e-05,0.004977638678053659,5.8868343739224775e-06,0.15555376798875134,0.0006845037279370176,0.010032909444586338,4.2861267292734775e-05
subject_99,6.473612597751962,6.9004965256479815,0.08986306662704888,0.0017215497543766995,0.17942120629054786,0.0031999602530764612,0.13401437186568996,0.005762413578272658,0.18928201328442185,0.007591861208433007,44.81664016993359,2.9378329226464936,62.29640799268341,10.48301796591787,0.07654259834917168,9.964912369771531e-05,0.004927892102024492,6.2381397849059195e-06,0.15444111002126232,0.0007563975545365727,0.009960109281508204,4.735729731907917e-05
subject_100,6.473492856117867,6.905670682023507,0.08690823081711646,0.002085023601851156,0.17352043409449255,0.003625164173332645,0.13069564930142216,0.006429570099122389,0.184593743784737,0.008184996107600656,44.50844224474647,2.8685718774795532,62.0435295087281,10.117228887171395,0.07237196378958598,0.00010222963886426967,0.0046562299401101005,6.399811705461606e-06,0.14849859443539298,0.0007632946432354803,0.009569866777193379,4.779028359764555e-05
subject_101,6.473505598217225,7.001878450292831,0.08944322209120432,0.002067135249932297,0.17732589914463343,0.00368947206418508,0.13354450593065478,0.006208346983401602,0.18763007283888833,0.0081800909695495,44.826625491633564,3.1169625123341875,62.26433596369302,11.185259444899243,0.07603121643109534,0.00011511230720726376,0.004894725578230769,7.2063099436379675e-06,0.15377054921430167,0.0008493276305698028,0.009916293157357673,5.317712175853761e-05
subject_102,6.473837616883463,6.972646122993472,0.0895842919367485,0.0018695787253837515,0.17764433776265945,0.0034376199301481255,0.13370244459856748,0.005774192943602136,0.18788209137354167,0.00763340120910417,44.95871226293872,3.0014646595174614,62.46714427487412,11.209667071397396,0.0764299687157373,0.00011353060556222628,0.0049207654215632475,7.107718392996408e-06,0.15445474175477955,0.000830979691545106,0.009961186266081999,5.203157662953117e-05
subject_103,6.473914443292857,6.897888960335937,0.09061776902928756,0.002088173045021299,0.18074350387939017,0.0037080780282013736,0.1348576145182945,0.006188741804960233,0.19032694250010046,0.00804214561791763,45.022684878773156,2.92564525989571,62.53352588009126,10.583096892506207,0.07784155738510626,0.000125682180923792,0.0050126776392256525,7.869001754030798e-06,0.15640371777304468,0.0008816724747502685,0.010089147854615631,5.5210007412464904e-05
subject_104,5.868061492107827,7.119245089435631,0.19443383652546856,0.0021295576713034124,0.3881788123057131,0.0038729478710800426,0.23908059780809235,0.006450204148030603,0.3376585805052391,0.008390289111372778,12.64111191034317,3.5017475088437395,26.88770470780086,12.237204658986046,0.06167553383460398,0.016529511649410827,0.004140276772543714,0.0011035833889778846,0.08438631288613567,0.02341364906887414,0.005685146937711885,0.0015691129315274408
subject_105,6.473638161206478,6.949682312238242,0.08928390117161943,0.0021642909523589523,0.17831423168071,0.003918521981850044,0.1333660588623756,0.006483607138219251,0.1884056567264327,0.008515386123137179,45.22736703988277,3.07886040812791,62.55581282180337,10.701499774509328,0.07649201413265823,0.0001446260405242102,0.004925498372330456,9.055262467745762e-06,0.15484121007515247,0.000984773168359128,0.009987546258566906,6.16679196773688e-05
subject_106,6.473567845158896,6.937997863804664,0.08911415335389035,0.0015845671771606076,0.17567873603569625,0.00279198891576415,0.13317584555244644,0.005220268452350165,0.1863210349906639,0.006717589531178799,45.08785691405787,2.602157321843234,62.43174996544334,9.978077512548314,0.07604825147540063,9.661796105088216e-05,0.004896369936198472,6.048681132595136e-06,0.15409007521271606,0.0007115867817204337,0.00993794430597154,4.455426605659356e-05
subject_107,5.8617055905165065,6.973940152333083,0.19237524783725887,0.0020268819446373158,0.38429487463824097,0.00332953756780438,0.23717960590280365,0.006480572022356299,0.33512227919839765,0.007833371876080315,12.644903725445873,2.915834008443235,26.961910465035654,10.873547752602233,0.060775501596764106,0.013987005143921425,0.004078047584485877,0.000934381502075434,0.08360256513058589,0.019701076603167722,0.0056296536818454205,0.001321071360221224
subject_108,5.83494646606693,6.882131940842319,0.1891099132344532,0.0021901464150440694,0.3774054156601651,0.004040015480953587,0.2341537785351184,0.006615783893889612,0.3306051543960193,0.008762166671152986,12.247201952067288,3.167161291295832,26.343477847527133,11.180142322195907,0.057343848559125346,0.014850951362969638,0.0038447151977041173,0.0009910926424768732,0.0795661017559572,0.021088383826489584,0.005353282063419364,0.0014125826514324
subject_109,5.87595974749464,7.108505438923582,0.19276341126690089,0.002906490664289152,0.3810613530567728,0.004909352818425437,0.23753844071728417,0.008327109516254474,0.33302194156518783,0.010482179882540413,12.568953215473831,3.671419321888625,27.042169034671094,12.915471065166562,0.0605792902905675,0.017185396418822205,0.004064187127568799,0.0011468793063257627,0.08324802144930571,0.024416905052750577,0.00560485411628612,0.0016355757546740572
subject_110,5.892272129409766,6.944278622322401,0.1954447363143929,0.0016149105028863244,0.3868094617862312,0.0028964449398820556,0.24001226355160474,0.005034852623346479,0.33678584139691997,0.006513110778399711,13.031194860284979,2.4756624614349523,27.478500316415136,9.108494635745423,0.06417657860576423,0.01150232893001071,0.004308912309667367,0.0007675315505281123,0.0875789267538636,0.016365271427281773,0.005901346245338652,0.0010960932191120237
subject_111,6.473696026251041,7.084968623088528,0.08808761283238531,0.00204853440323067,0.1759080009419122,0.003634726797597917,0.13202360261185359,0.0060798356689503305,0.18649554957526204,0.008030362578138139,44.67151186080894,3.285833943973888,62.19229337646362,11.332474254515184,0.07408970399539708,0.00011141119946417838,0.004768101204081434,6.974163191328846e-06,0.1509976141258428,0.0008458007453582417,0.009733894208021126,5.295250163222712e-05
subject_112,6.473505180226429,6.806578213438952,0.09213269761196913,0.001922270899523255,0.18066134690748561,0.0035745777355151915,0.1365449960891893,0.006083107495908249,0.19027779762192415,0.008110903219358768,44.83329263600436,2.8481679396195845,62.28986129636244,10.072720148607553,0.07943622920453643,0.00012025961339136922,0.005116226068198038,7.529830294326245e-06,0.1582840840881209,0.0008484866039839298,0.010212449087415231,5.313421096906562e-05
subject_113,6.473655490305353,7.04659678673602,0.09143044207730255,0.0019210069244476166,0.1784119340588126,0.0033271057082795465,0.13576366816940066,0.005878849105494564,0.1885045239215261,0.007474162694579849,44.83925906094638,3.03897276430419,62.31279443396668,11.017671987714875,0.07855715444996583,0.00013583938764426525,0.0050589733713211175,8.50525940678039e-06,0.15713521840713157,0.000940374790074099,0.010136920817839028,5.888831829161905e-05
subject_114,6.472819615727219,6.880442834224442,0.09130642060909523,0.0018392719628009336,0.18163338500835852,0.003355975419091503,0.13562552654809368,0.005624814717996659,0.19103090686134147,0.0074295970793044576,44.62569508889709,2.787896022050068,61.99645512940905,10.101477892946155,0.07802865968061357,0.00012874099908318683,0.005024520226007872,8.061353360318206e-06,0.1561844886580223,0.000881583371645795,0.010074728567627771,5.521057266226413e-05
subject_115,5.867810540742316,6.934903845826438,0.19256542283646869,0.001919049946831647,0.3840543184923692,0.0035451971254281196,0.23735543437001225,0.005928272028509723,0.33496368679110633,0.007853029456312161,12.651152321786592,2.9357305500242448,27.05423560192508,10.10512196333878,0.06084094206528593,0.013845288239455066,0.004082907738395679,0.0009242579539831218,0.08365088022590975,0.0195996947878379,0.005633572246418442,0.001313321194807117
subject_116,5.907081517395951,7.083294066916381,0.19101403883627627,0.0017685927505558293,0.37694645721429876,0.003245158802448747,0.23591981254197006,0.005551143123371306,0.3303184028265074,0.0073336961653646116,12.926789543845437,3.232514587315646,27.625623077977473,11.528632599714753,0.06166984490911043,0.015003173655720906,0.004133269260781592,0.0010006585873673453,0.08513739896112564,0.021383558188918902,0.005726231290635002,0.001431476792808199
subject_117,5.896805307332285,7.0071532201409505,0.1952426100238283,0.0019929276015110916,0.38208797524946164,0.0036924805704128543,0.23982607640908182,0.006234743555597126,0.3337075999132706,0.00834057367364047,12.917331089275052,3.1450816958841648,27.455465661416003,11.333813864929533,0.06346792595252337,0.014335415992564025,0.00425976414943664,0.0009561378815199741,0.08665715321294504,0.02055621436819943,0.005837061437846283,0.0013760782867756117
subject_118,6.473457027245145,6.957867325872876,0.08780129378816093,0.001954564925696789,0.17540657318775144,0.003618960583351853,0.13170162557857742,0.006043604328121958,0.18609700719818403,0.008041021619145777,44.94606541142319,3.097777847087744,62.31600899009413,10.722409710716299,0.07417329019124615,0.00012157199904853539,0.0047742287637712565,7.6108165172653396e-06,0.15141542642146583,0.0008789886462464609,0.009762300597118424,5.5035353996566283e-05
subject_119,6.473240838845546,7.042898045426619,0.08896070778460084,0.0021738352164048067,0.17686961860308004,0.003810572086521243,0.133003821994005,0.0065193411426584845,0.1872615367710336,0.008402779313162913,44.470543211156674,3.353580512783744,61.959477789780486,11.463167022982839,0.07484184681741607,0.00014917251199196053,0.00481676469522043,9.339423476044416e-06,0.15177677118962143,0.0010343898227322616,0.009784810023254476,6.477114961911211e-05
subject_120,6.473803246360318,6.885222727219036,0.08945819579116018,0.0018232179073972852,0.17532941094737872,0.0032900098436771104,0.13356127310546195,0.005893356326611797,0.18605149841120627,0.007707184817743819,44.57658649213386,2.869603971038202,62.17147410672842,10.647833812254182,0.07564050755873616,0.0001114734064156253,0.00486862922919324,6.979132117942195e-06,0.15296740832444897,0.0008086955518175608,0.009862597368760809,5.06378886763735e-05
subject_121,5.873680260547759,6.958906889696354,0.19163075030049642,0.0018989736460788644,0.38001636440005093,0.0034232380854797503,0.23649085360721558,0.005854461588627054,0.3323328850861211,0.007757358935896045,12.655788009816948,2.976903620392385,27.068763290357566,10.612682135907825,0.06051645011910266,0.013602243297282208,0.004059156282514478,0.0009068185104052824,0.083409242926166,0.019492837754690812,0.0056144762424358095,0.00130429516801528
subject_122,5.8767513293922695,6.736448769096976,0.19076910077608603,0.0017574380209153698,0.38008904521042974,0.0031965865598468954,0.23569288547062897,0.005553351296278246,0.33236689611456016,0.007352571966025348,12.750840734953833,2.598330972772656,27.090124752445288,9.389524520955398,0.06063194736990579,0.012150115488601081,0.004065229561553318,0.0008108797925764681,0.0837586363211586,0.017269429527731264,0.00563559202042232,0.001156777412113047
subject_123,5.906026305157777,7.094566392860054,0.1904828533150855,0.0018782105918566444,0.38051452107442285,0.0035467765110267224,0.2354275942685971,0.006088560494881608,0.3326467484808352,0.00818497177012219,12.926438136534257,3.4947852173236886,27.778655264832643,12.233644018251105,0.061398725638413726,0.01605763380798122,0.004115986755469468,0.0010712564780858192,0.08488221830136417,0.022961109405126842,0.005710252707066919,0.0015374697365567224
subject_124,5.855651272314803,7.01821365201159,0.19291244055534942,0.0015043849344344188,0.3848910644278578,0.002730450220913494,0.2376761617372903,0.0048633487146029445,0.33551096570705613,0.0064006740230859085,12.54719030255019,2.8336527516143493,26.839415967516626,10.846151812664573,0.060509525457014345,0.012802604972390259,0.004060833718153499,0.0008539534151028316,0.08311968074279615,0.018393716000951556,0.005598060338373287,0.0012313706927436728
subject_125,5.861726014551749,6.927850956411855,0.191955224624952,0.002307624440406748,0.382650684297176,0.004040312444399917,0.23679111457796376,0.006725398442696477,0.3340451801404517,0.008735370459169032,12.507171018557115,3.190340117974715,26.88008893636763,10.919708377888947,0.05988507983031547,0.014809956351260799,0.004017938396023321,0.000988050422342549,0.08246858118286027,0.02110369380483467,0.005552754388776347,0.0014131787635776713
subject_126,5.910055755356177,6.9058523059756345,0.19016965885805884,0.0019739442397792655,0.37743310820217313,0.003297848208891145,0.23513721465793305,0.006119744649047412,0.33063327770766426,0.007633289573089898,13.021529692592043,2.878465726520076,27.667740015603002,10.522485632956958,0.061780665744259916,0.013318897310314734,0.0041390489767865165,0.000887991442254274,0.0854812200837405,0.01900614587301858,0.005746986077645056,0.0012718219890503332
subject_127,5.884411124452955,6.962144335472859,0.19099366908315918,0.0021644171473192133,0.38128873964171867,0.003686195066942164,0.23590094340899384,0.0067394505505314235,0.3331534651560508,0.008423316424517855,12.85546584081168,3.0228584733876316,27.27590087097267,11.1091052378949,0.061322173116403755,0.013632366859223878,0.00411101034727127,0.0009085946320665315,0.08466190990650467,0.01962538096784698,0.005695697984710985,0.001312739099600954
subject_128,5.885418740013047,7.029005615406249,0.19435124373806648,0.0018021014353634352,0.3861877277736452,0.003253659465210704,0.2390044251803447,0.005784445071302313,0.3363641279864279,0.007604423135953035,12.816558196087076,3.031015154087182,27.439660003103217,11.233450726497344,0.06252877101367828,0.01376977665695777,0.004198578115933197,0.000918266982198917,0.08557207134061673,0.019768259278610777,0.0057664302960572815,0.0013231305714783879
subject_129,5.868345021439775,7.071380604839358,0.19024194762483007,0.002176727515044754,0.37917232140577695,0.003733822334337087,0.23520424811045762,0.006768470021546057,0.3317652589748167,0.008518005588564385,12.653904120127361,3.35165524482727,26.97797199142395,12.00576931076506,0.05990458332021612,0.016133100684727758,0.004016104245571815,0.0010772834200057572,0.08286941645710892,0.022701377369504002,0.0055752172211079145,0.0015216501876343306
subject_130,5.907960950681297,6.958224226323262,0.19325256528194953,0.0020822005502808185,0.38381308754184335,0.003539375716120779,0.23799037839553197,0.006295779628061316,0.3348134447336473,0.00791730277315276,13.064484089913995,2.9043565735672456,27.770084236921424,10.22530374357754,0.06335847127512807,0.013440854116982853,0.004250766249449944,0.000896200358989563,0.08695596309991753,0.019177958081276328,0.0058547202995036214,0.0012834592554345986
subject_131,5.892858314042349,6.993913483390768,0.1903849539909755,0.001649291291889862,0.37993651055936417,0.003088555553623792,0.2353368393148648,0.005414515704910491,0.33226666197268473,0.00726800454065398,12.746811469395954,3.08616780030607,27.321981190800354,11.429626924120933,0.06046592101009898,0.014298194664832418,0.0040524306472456625,0.0009542507875151657,0.0836143330602781,0.02038550543398918,0.005623527989580769,0.0013655196661809346
subject_132,5.892836085949444,7.017412360222635,0.19155511998607397,0.002080589206422297,0.38103308503577976,0.003770415520487665,0.23642084881895517,0.00655032555440524,0.3329883710602053,0.008606427746903792,12.82129350936774,3.2635541973691993,27.421325170443204,11.922733832673797,0.061346586594428924,0.014876325177184365,0.004113709721993682,0.0009918086932105327,0.08457030581613287,0.0213361994654481,0.005691058670849124,0.0014276520298539784
subject_133,5.892226495168163,6.872316118248616,0.19482649052993092,0.0024682690164325597,0.3868993150092883,0.004548649900956395,0.23944261919623527,0.00732976507720252,0.33683097312755067,0.00961323453092175,12.841136238791726,3.095512823625044,27.47021911188341,11.06392041190219,0.06285947070946607,0.01459581787701341,0.004219555322973287,0.0009739755775455565,0.08591878527092961,0.020688865645838758,0.0057881509162753695,0.0013856715976709104
subject_134,5.890120203083844,7.108487216975998,0.19799250986449987,0.0014917786081893108,0.3919890368900967,0.0026975392429141065,0.24235501986245925,0.00497532122263335,0.3401637744348672,0.006428445542586214,12.972021787455589,2.6876742014981283,27.540211264117442,10.084603007247516,0.06496116416858573,0.012120541811719987,0.0043657363258467596,0.000808303279000397,0.08807218539126158,0.017425360377345905,0.0059404785910331355,0.0011663063416517303
subject_135,5.885810405639819,6.934481237481754,0.18946389643483627,0.0020641807135255022,0.3772926703646208,0.003722721247827918,0.23448242520876103,0.006523041000898583,0.3305317945830294,0.008457310332229098,12.645589397411154,2.936531615979743,27.267599152226516,10.181669567776098,0.05949080485815271,0.013553350668214871,0.0039868097306874776,0.0009041385066338526,0.08246736317310602,0.01935109292049798,0.005545930511142632,0.0012957061987638016
subject_136,5.871234407896217,6.936062932726286,0.19358420456448358,0.001614629611272227,0.38625742361880494,0.0029554616580665075,0.23829662286727438,0.005173190819015775,0.33640389370951784,0.00686588438242884,12.737907985846203,2.940807878369033,27.117168916670074,10.760875200092439,0.061783943908041664,0.013363464255045544,0.004147398083664228,0.0008912346482415047,0.08472159869822972,0.019163852742882934,0.005707440246679742,0.0012827849645913765
subject_137,5.849770679719957,6.977130626000477,0.19387607867209528,0.001820909797498406,0.38560415519254965,0.0031868882370990814,0.23856603862674086,0.005685315090450442,0.33598020454076155,0.007364571709598901,12.364992908757143,2.788456401439628,26.596029023290708,10.159939273852466,0.059967476180450126,0.013063140526672705,0.004026550753304572,0.0008716462570750871,0.08216823580685371,0.018556909244160136,0.005536953131607825,0.0012428074390285525
subject_138,5.882199949926779,6.880691494884507,0.19558494000119953,0.001953347388929904,0.38606547365676663,0.0033953108354782273,0.24014138286811945,0.005897252045153931,0.3362939569150921,0.007499742440264387,12.732084953423701,2.647165245480007,27.28308684437433,9.394163140259355,0.06266786089725214,0.01246066216217461,0.004207963404865267,0.0008316937540866998,0.08548911722856964,0.017669165492049433,0.005761018761027209,0.0011837875228788354
subject_139,5.855704667798343,6.985980400594205,0.19144565335823097,0.002398489036838347,0.38192327573922147,0.004044825619700896,0.23631951228638082,0.007087778830395057,0.3335687783322397,0.008872799113991671,12.481719248222584,3.157699491038467,26.76976667702895,10.77872769148188,0.059521713089146784,0.014917301656888956,0.003993603176013195,0.000995428643123924,0.08207814490944802,0.02112951354580507,0.005526481612251323,0.0014152889687605618
subject_140,5.89716973521979,6.924033788256171,0.19254562435792455,0.0019163173162843484,0.3829134231504811,0.003346294642869913,0.23733713148571645,0.006118709697550689,0.33422060701395684,0.00783046258714728,12.889859725730588,2.7004179900342766,27.57590983076178,10.155566080447583,0.062127902253767915,0.012391494018892857,0.00416794298606438,0.000826354027360872,0.08542484320680153,0.017729764029814996,0.005751200046327796,0.0011867105879455316
subject_141,5.871618607102472,7.038439082520726,0.19377544830346285,0.0017365308243797691,0.38680889106007293,0.003083869725448626,0.23847316275533617,0.005599759198246165,0.33676433253682025,0.007192149567107735,12.761985123759567,2.8950081503752503,27.17267395210197,10.460452201875546,0.061985549212630546,0.013367221650536361,0.004161564037577696,0.0008922458600886609,0.08495570786649943,0.019077782953253825,0.005724100880134956,0.0012781506840596514
subject_142,5.8573547735032925,6.995413263641519,0.19255564116239393,0.0018189654110879775,0.38508337038459084,0.0033299409130879165,0.23734639167088553,0.005697300221803347,0.3356400581557722,0.007518786678299651,12.588773664802012,3.152138093505243,26.881798111248113,11.316922781124793,0.0605688970583365,0.014656621298304313,0.0040643039966410666,0.0009778118170204217,0.08327897348554078,0.02085512957830865,0.005608045691278156,0.0013965069615470608
subject_143,5.865282705791233,7.006047615455269,0.1912159717110421,0.0016570990670163432,0.38137568244034586,0.0031535617517375303,0.2361068420148729,0.005556164967741097,0.33320997175571715,0.00748413339604949,12.527236343634248,2.8870941436651982,26.798681325139338,10.38809874609633,0.059676271177896215,0.013224414732505607,0.004002558483162318,0.0008825767205302381,0.08234115997040371,0.01892591607960451,0.005542208138319069,0.0012677722650283384
subject_144,5.9024786338802775,6.850957571194802,0.19126406048478228,0.002405244734961825,0.38052051600892,0.0038143634576956104,0.23615137437602046,0.007232078644486691,0.3326519772023362,0.00866716604023284,12.84689131770471,2.9351269759313023,27.56326718600492,10.500466612549546,0.0613637968244084,0.0136504643004308,0.004113668683345852,0.0009103976167491391,0.08465899259816478,0.019442785906845794,0.005695341278979136,0.0013015018769371367
subject_145,5.892058911753617,7.068718563626986,0.19686469040102522,0.002341787142372033,0.3858039433427276,0.003733617722044754,0.24131889053754585,0.007062786503938989,0.3361376061154435,0.008442208289395691,12.926058952254479,2.838407791022098,27.4106341328423,10.495778939549954,0.06429501347291754,0.013631107853657539,0.004317366791429244,0.0009101514391460364,0.0874207248801326,0.019196300389708643,0.0058915085503214795,0.0012866098022730965
subject_146,5.90793373457872,6.971162969753774,0.19721230320151253,0.0018930608581674345,0.39355145168597666,0.003113103314540249,0.24163840073157342,0.005976688872090937,0.34115725876357944,0.007314295177139713,13.134847568743156,2.603733962232416,27.958949696806098,9.73948674195022,0.0655292737037669,0.011905770834344163,0.0044023148379353895,0.0007940214553352295,0.08901962329878906,0.01705504231373974,0.006002118945279985,0.0011415884063113709
subject_147,5.882846586028634,7.019497714529492,0.18942996443335317,0.002043161580378274,0.3740740592716255,0.0037518770938836177,0.23445092856368902,0.006165163448519012,0.32842955033878796,0.0081541379158268,12.688422394521309,2.9750550298979785,27.09021428408838,10.35396393565317,0.059744885693234384,0.013794217256413166,0.004003292044854427,0.0009200928291721912,0.08282705960286636,0.019665967144611003,0.005569358524109533,0.001316626186930545
subject_148,5.894617996971088,6.9834610252569025,0.1947435250561938,0.002011625372770832,0.3892768370941525,0.0034335151221121306,0.23936614142395865,0.00606618980400645,0.3383765538083378,0.007713676307699634,13.025628487269083,2.868156247668796,27.67280109362908,11.159432773730742,0.06382854332726318,0.013473916479391043,0.004284606079773246,0.000898931266776028,0.08726209126678054,0.01912393435823221,0.005878638832326795,0.0012806003334260763
subject_149,5.870511808147544,6.968278118132689,0.19506643745882615,0.0015380266531835548,0.3831260133916956,0.0029538598573696576,0.23966375704272405,0.00504355189874088,0.33437734699503907,0.0069313199994278825,12.581352970816873,3.037872676897531,26.99711139476185,11.265513667836988,0.06163554620107781,0.01374431269714378,0.0041387043427767445,0.000916365084351753,0.08419351057721104,0.01974343283061594,0.005673742250942791,0.001321105679012961
subject_150,5.899187355443163,7.003163858275215,0.18921572862383232,0.0022297231914499313,0.37836367122377446,0.003810507120238107,0.23425203623713323,0.006954260961859859,0.3312374647818974,0.008709812067259973,12.848219504260054,3.1806117621335113,27.570892216103342,11.142870328863559,0.06041559750553357,0.014752973780850234,0.004047536339517224,0.0009840238354471048,0.08380476459446984,0.02103086012159248,0.005634105726088798,0.001407943048420416
subject_151,5.896118018480699,7.137148125972602,0.19850038519196136,0.0015031572950419785,0.3963289290829157,0.0027487577163523916,0.24282112352042384,0.004925306286462912,0.3429618819625123,0.006528531954526226,13.042655408382418,3.1147781754985,27.845743193012684,11.608292404280983,0.06556818546495913,0.014244317940281534,0.004407334678810048,0.0009502439678068605,0.08878034469349998,0.02040074320757025,0.005989385321521441,0.0013659670045781409
subject_152,5.916307711545347,6.991941091674012,0.19330373954207467,0.0019351871166208342,0.380187752626142,0.0034891614946675068,0.23803764262625246,0.005854742168949439,0.3324484750857691,0.007672109916606179,13.101743899210534,3.120861674800064,27.848577988635846,10.854542920801057,0.06359972733841622,0.014561351910372701,0.004265732166529149,0.0009710130267528774,0.08727547227968684,0.020699608539985183,0.0058745538701048565,0.0013854671688153164
subject_153,5.883447476881805,6.877112902751025,0.19162866302703313,0.0020638172717610064,0.3829653702561322,0.003744430682704233,0.236488921681803,0.006409974600009738,0.3342530694768542,0.008445676636747555,12.832598457432756,2.858970839567859,27.264667498921327,10.334848630529203,0.06142736331815467,0.013309138936214744,0.004119701467125813,0.0008875910609378405,0.0846652293536962,0.01895092403367923,0.005698251293147705,0.0012685157933045288
subject_154,5.84599630525134,6.900340485081972,0.1925829206218047,0.0018674353092370689,0.38034916275725617,0.003232042667619955,0.23737160996584164,0.0058544040805823434,0.3325531993818858,0.007416696013819578,12.18183113228191,2.723948664135403,26.386435120775513,9.916851299768295,0.05850589456634517,0.012532765398999404,0.003925266866180733,0.0008366256450913168,0.08043672465842058,0.017889341097727076,0.005415813693625333,0.0011985931342724941
subject_155,5.878895223598221,6.941812329469029,0.19463488647759353,0.0015267246951136562,0.38796149493342275,0.0027140793392666555,0.23926598580472425,0.005031638331505402,0.3375163763167331,0.006532397618608565,12.701124268950839,2.954362430957833,27.015675251738497,11.60299999645428,0.06210272058961338,0.01384210105096727,0.004167905148692553,0.0009235527942137476,0.08492656802847894,0.019644507527079434,0.005720120541994179,0.0013155279077973335
subject_156,5.878923908737329,7.123805192677219,0.19103943742833962,0.0016205223941331058,0.37983507614944256,0.002954230507720909,0.23594333933950623,0.0052197813484552704,0.3322039686906282,0.006903433514933258,12.547943398807988,3.229006946688951,26.99884246519433,11.577656387205655,0.059738966152120786,0.014821155040446567,0.004004838150257778,0.0009884743244079398,0.08246616834353261,0.02120294451450472,0.005547932904234225,0.001419336881398316
subject_157,5.865604975359925,6.98384623492402,0.18824353475909603,0.002734748859493775,0.3744071342476006,0.004836291769323755,0.2333487618094597,0.007870723563488443,0.32863623852317375,0.010111512433783833,12.499611587235421,3.4574513351074367,26.755257703577257,11.741861653004683,0.058283638925297414,0.016919332483099177,0.003904133620978433,0.0011299432963976688,0.08105771043993569,0.023674347341695403,0.0054485405767228795,0.001587151742736034
subject_158,5.890568169046554,7.036112324246149,0.19334784445424785,0.0017706640362823325,0.38401590322195944,0.003181303338193932,0.2380783751411125,0.005446866959059913,0.3349459989051885,0.007109385643891731,12.845615491722569,3.0589264089410957,27.35826656433069,10.947234312285,0.062260405449859405,0.013936882115732232,0.004177799521505522,0.0009290625778712776,0.08542764639541059,0.019992688017941587,0.00575279919351536,0.0013376180269487818
subject_159,5.907591731785658,6.924736717017279,0.19260251176116544,0.00213923750326521,0.3822803352124289,0.003691913478676961,0.23738972029908478,0.006347515292514409,0.33381263094308516,0.008246334380898338,12.865164495477773,2.821733998529839,27.534348206579043,10.279488280401354,0.062061958859907854,0.01356820270506233,0.004161822623816275,0.0009055490689775003,0.08532152741407574,0.019103998454508452,0.0057419047732521185,0.0012798181927273023
subject_160,5.907388911228629,6.916292861793913,0.18860946738795706,0.002091464841151652,0.37688797950915687,0.0034648786515491248,0.23368888979999616,0.00626905211745646,0.3302666479760644,0.007836248992386751,12.941681947370972,2.9321774039605653,27.4845300987992,10.961251833995801,0.06068053857450963,0.014685223513057928,0.004063316379402902,0.0009813654222868993,0.08430866886560016,0.02038426176093457,0.005665176578081026,0.0013674382057163542
subject_161,5.8430498099132375,6.809728625023579,0.19372129977328986,0.0017066373474089328,0.38722644631953607,0.0031008749268365385,0.23842318187877043,0.005370159561914207,0.33703891681975545,0.007042804018403288,12.537898728341768,2.5910390145850903,26.594063130698327,9.298082335621103,0.06078230460422615,0.012369559467828596,0.004081725237795665,0.0008259622579330233,0.08331824682067161,0.017454165695775396,0.005615071404002606,0.0011698867691558024
subject_162,5.860863482062402,7.043841979998457,0.19406098123013685,0.0018450891452655386,0.3862408757126737,0.0033593680760988956,0.23873666132993446,0.005862133251695892,0.33639474568059136,0.007738692742567456,12.584485907747288,3.1335622156509246,26.739516033772354,11.220992023649641,0.06121002439559224,0.014819637739545678,0.00410895041726368,0.000989280536251798,0.0838305049414046,0.020980009627775926,0.005647562763860203,0.0014057946563287346
subject_163,5.913671399995693,7.048617245589611,0.19081075467426345,0.0017410965916090577,0.3812144228486567,0.0032855148406592564,0.23573148157771573,0.005696375293748007,0.33310571536348865,0.007687298746086715,13.087585546753624,3.3473651487417895,27.846594492670825,11.87596212443594,0.06237058158875985,0.015125069568923398,0.0041811269117068665,0.0010084800571870303,0.0861510139710336,0.021754927370905133,0.005795625491330904,0.0014558501542988626
subject_164,5.914161238987418,6.918546711779684,0.18961984629590736,0.0018161029395110427,0.3786146041852838,0.0034119677068917896,0.2346271641585921,0.005755159199026255,0.331399695599966,0.007772449100517012,13.055477296463167,2.8724855515691967,27.81269183856324,10.303525302733922,0.06169689318249142,0.013204898680486753,0.004133047556594038,0.0008805743856164442,0.08549008543837097,0.018882085321689134,0.005746987338693276,0.0012638267488287443
subject_165,5.906501283022159,6.905593133607732,0.18927378152997992,0.0021901413907947243,0.37645637331824056,0.0039540361010209565,0.2343059369756092,0.006818913309831813,0.3299843580975264,0.008878640777575945,12.771085182825724,3.005885433669042,27.55530927602074,10.987176728929553,0.06010475048562742,0.013547104989674416,0.004026501024625774,0.0009033205479416673,0.0833606948051491,0.019502532087446744,0.0056039632723542615,0.0013051342810128804
subject_166,5.878589934883581,6.909031049633186,0.19337903278194013,0.0018444434791660702,0.38561307413294355,0.00316560918068597,0.2381071773112108,0.0058947068330860615,0.33598280724761836,0.00743802766777739,12.828882956745648,2.818966472991789,27.310292292217685,9.901287931491476,0.06218036266244906,0.012806363255125951,0.004172848996203205,0.0008541642767464347,0.08531085572276934,0.01838381096561543,0.005745517748580732,0.001230674354227381
subject_167,5.888016525012279,6.9114292199100085,0.19075046212932859,0.002297230569852224,0.3810715073554663,0.004050309338210486,0.23567561439500362,0.00693436996596364,0.33301195934094047,0.008869861178777706,12.78551254489205,2.9492869666128447,27.31554900792386,10.183573062259951,0.06079792356831414,0.013786832383549915,0.004076401887866413,0.0009198884325491955,0.0839920752220423,0.019598845690000134,0.005651356933731319,0.0013125636063594476
subject_168,5.858168100190787,6.943540061957159,0.1934280743060448,0.0021689707001800447,0.38309316022021345,0.0037702526479464894,0.23815246441619142,0.006713459343822954,0.33435599887673645,0.008523559514656203,12.457323009317571,3.1345311379191854,26.739627724437405,11.123120448152768,0.060273773764656695,0.014720171546493518,0.004045463802545913,0.0009824517909945091,0.08268441774432675,0.020890609866074165,0.005569415407414924,0.001399502275694566
subject_169,5.865210577691629,7.019193109082273,0.19682497217094608,0.0018018032800666338,0.3881065845451806,0.0030043656953256926,0.24128237433596852,0.006124124094918641,0.3376259066402531,0.007438175521307644,12.611047300425444,2.6494913028948233,26.984278658089323,10.3335882563996,0.06252357565827603,0.012265579219811874,0.0042002598191770504,0.0008185970117106639,0.08502070148774232,0.017492334690869617,0.005732283005699787,0.0011717037302255112
subject_170,5.88003985463399,6.860298166585447,0.19528127277940244,0.0015396248001419768,0.3870461042322399,0.0027984000274830453,0.23986169404707572,0.005181705156209675,0.3369359228455856,0.00687404497225969,12.900754282570848,2.7883660793304443,27.352575704499824,10.269753383218562,0.06338346098224654,0.012487293482354412,0.004257240424721146,0.000832696863048911,0.08653304395488882,0.018014951732034535,0.005833023766009974,0.0012056209647127991
subject_171,5.89137052303755,7.082033334406804,0.19484338040321447,0.00189318974233649,0.3883023018275875,0.003390425295665417,0.23945818732430293,0.005592963397412843,0.3377388250928668,0.007311966956154398,12.94870694478353,3.1051356039866054,27.463671671708283,11.376335703811932,0.06346563884792028,0.014889258206685187,0.004260728773946125,0.0009941910755230448,0.0867434942508869,0.020979041275415618,0.005844376283037013,0.0014061089625246397
subject_172,5.864169614755886,7.01170345217655,0.19212126129335239,0.001905868362183545,0.38236648970341525,0.00350570902382971,0.23694471195381242,0.005909881084665553,0.3338608389553304,0.0077842547773563225,12.512579050931063,2.9887178329506305,26.690865772560763,10.83655818299955,0.06001659166442691,0.013803700144891858,0.004025368550252197,0.0009210333216601937,0.08261369727175696,0.019702743106100058,0.005560612652668318,0.0013194922463046176
subject_173,5.8567717355508435,6.950383195510032,0.19385644910755118,0.0020057332741819298,0.38567887360546593,0.003721028454932606,0.23854792264736677,0.0063330597156258306,0.33602836070521036,0.008403328436954686,12.586747627667705,3.058974928928144,26.84950582865841,10.713347936755557,0.061115430837942776,0.014279643627567442,0.004103184763629855,0.0009525299130793472,0.08374547481709856,0.02031159496662138,0.005642619812226709,0.001359927542064835
subject_174,5.933486021365688,7.0762708908573115,0.1915360256269028,0.0016373715050620465,0.38030016169442016,0.002944163387785262,0.23640317364201033,0.005297346613650113,0.33251349805698704,0.006929586668751676,13.324638823668163,3.2502859987393773,28.31270404981121,11.531497358394695,0.06392806920387678,0.014424158703268693,0.004285468364233221,0.0009609367987163678,0.08813356763656074,0.020881206789054137,0.005928972487871733,0.0013961201836604406
subject_175,5.83774889923689,6.9633664704657265,0.19294333194584193,0.002481166346714723,0.3825576539785028,0.003985122443199103,0.23770470577577177,0.006995648927686562,0.3339991263267693,0.008527508944766721,12.299715757369995,3.01515046093199,26.226430618806187,10.59960916287712,0.05924300500425789,0.015151243591784595,0.003976225839921948,0.0010129680309594075,0.08137328376713836,0.02100167160170005,0.005480984098887615,0.001409607418481528
subject_176,5.888820335327899,6.976074334778206,0.1925694506568293,0.002163856989102315,0.38304374767200094,0.003906981136888442,0.2373591578677368,0.006574475965550129,0.3343053982327304,0.008624014395087708,12.81973200855833,3.1006403041608404,27.412312676864424,10.80911545059931,0.06175845972893144,0.014929652790849509,0.004144203337361207,0.000996786589482509,0.08491151698140523,0.02100717040676395,0.005718087700466478,0.0014078851035525988
subject_177,5.894045694617105,6.932725743421362,0.19367017518574473,0.0018869475018742947,0.38731986227938603,0.00328576659721995,0.23837598899523327,0.005999486674237527,0.3371010490771157,0.007641618384068292,12.874100420210096,2.8951183689965143,27.59386241693615,11.01429973954163,0.06253208413498337,0.01315236139747518,0.004197436681047221,0.0008770592468625408,0.08572832455829725,0.018883307243048427,0.005775015588300879,0.0012637819973602149
subject_178,5.878720315696295,7.078422310848413,0.19389169380809487,0.0021609754149880924,0.3866692010849068,0.003594245298961898,0.23858044939234466,0.006675392415204331,0.33667271547777705,0.008196625863911363,12.703540238467129,2.9830356601512795,27.311442204515863,10.953518826153985,0.06177275688655418,0.013815315977194039,0.004145503827020854,0.0009218976024930161,0.08463853016114474,0.019700056988849263,0.005700297055871015,0.0013194616098738603
subject_179,5.859022813209216,7.015263788927316,0.19506806954024888,0.0018518377552754763,0.3885095338371476,0.003258860641742859,0.23966526095478188,0.006043995287024713,0.337874558864088,0.007755719130266896,12.590328586221945,3.0480252450162713,26.821588954112464,10.978292797650395,0.06164777195824791,0.014786098324545903,0.004141305492520908,0.0009875287442856423,0.08420977454599982,0.02074926492890593,0.00567728406068909,0.0013911309089015944
subject_180,5.851768947684732,6.869714810396482,0.19493118270475096,0.0016687379378914587,0.38536722014843894,0.0029845162503472043,0.23953911307542317,0.00528506044703499,0.3358403806767339,0.006939900542130539,12.416433074257592,2.5890813692651617,26.721750316660934,9.80406272083003,0.06070204700791831,0.011824203648408827,0.0040765293838769985,0.0007889806561097597,0.08294734451145921,0.016922164180359453,0.0055904499245981835,0.0011333006481176718
subject_181,5.877299646484215,7.0568098422502965,0.19439749143506851,0.0015050119500961592,0.3864339900035496,0.0028234318009860795,0.23904707891621207,0.00492873101691605,0.33652375878748075,0.006652589531865604,12.818083015355198,2.9995714642784814,27.275240322906164,11.230640226171614,0.06255435810727722,0.013881944820950603,0.004200500415483582,0.000926453664561915,0.08559678777320513,0.019799446911678505,0.005768382344557544,0.0013262328816550002
subject_182,5.8506725138096325,6.866833531647817,0.19326650455240627,0.0018484985705090097,0.3858624319009654,0.0033504690511239736,0.23800325292970465,0.005819024101635794,0.33614630351187946,0.007552660331289526,12.540935971520163,2.72223030798363,26.724405872204045,9.429160573214634,0.060616780714327786,0.01266686620002333,0.004069205709898877,0.0008451929166863305,0.0831899795558138,0.018034380186710088,0.005604447880049144,0.0012078232947803913
subject_183,5.877223503204389,6.971224879568365,0.19190297592983382,0.0024316813446,0.38337828975571536,0.004158326916324345,0.2367427734305548,0.007203667128035853,0.3345227293747252,0.008873573335746742,12.65592376391093,3.0962792309847744,27.053683789697498,10.853396850188764,0.0606338684876039,0.014604921459523036,0.004067502852246583,0.0009748510994803224,0.0835112498506159,0.020695448306643806,0.005622019210194366,0.0013865682967856136
subject_184,5.855217840637193,6.971998109512798,0.1968378761897332,0.0019560262510006044,0.3884324277894173,0.003320223398915974,0.2412942382527097,0.006064652987898877,0.33783886621493037,0.007675181956575473,12.60249731998251,2.968360424041748,26.78083200163241,10.825409037747123,0.0625456189023137,0.01437825734550524,0.0042010449056264195,0.0009602609264039767,0.08504786603761327,0.020187637563911766,0.005733166049242434,0.0013534100828718712
subject_185,5.82883133292636,7.047944454346676,0.1931730005388506,0.002046662131420073,0.38469935963165924,0.0035963406557388963,0.23791688667513183,0.006422229961765349,0.3353864208305274,0.008154171352249976,12.200479608593565,3.3601843612362643,26.26028109973526,11.84449075625313,0.058822441309744476,0.015462146227651043,0.0039486314542687305,0.0010316092277674826,0.08074713886861688,0.022098060303587345,0.005439702282624391,0.0014797824459880256
subject_186,5.846170266380124,6.930234012381278,0.1920467618418966,0.0017664565278146351,0.38318166359152517,0.0031743042256766308,0.23687579802914266,0.005706139167533136,0.3343927948972748,0.007496250974784019,12.448177515858351,2.929457673520753,26.552749082785915,10.628528995817408,0.059605872068173985,0.01309378359527406,0.004000187556404321,0.0008726991135911257,0.08206429281045485,0.018905976383487958,0.005526901819803099,0.0012646390816453935
subject_187,5.881907724765266,6.9100275787342875,0.19117161550445227,0.0023155729451610845,0.3771545899361516,0.004115121781416697,0.23606576369593757,0.006929093380469931,0.3304549869411197,0.009039920390024582,12.675951358043786,3.0096410115559897,27.182507483004873,10.513605767889615,0.060443206446734135,0.013958369393685787,0.004052390027120023,0.0009311232097563631,0.08340922184999239,0.01989746437778773,0.005611861037856477,0.0013322375957971638
subject_188,5.92246237848701,6.885926928575261,0.19134646403042385,0.0017869202015245507,0.3800141166718653,0.0033776495168794237,0.23622767724769378,0.0058239729014165804,0.33232500479293925,0.00793197336988757,13.123619556427002,2.7477295206050685,27.848988262425717,10.188706085789889,0.06282775626213999,0.012532209758411409,0.004210945808938768,0.000835007151545846,0.08665991179283186,0.01795676173029876,0.005828762227868455,0.0012008022439409635
subject_189,5.900865087593191,6.932666833242654,0.19124831693599303,0.001635945732938844,0.3823720249444422,0.0029289365962316518,0.2361367954520071,0.005342538311773913,0.33386548344692646,0.00694267153418752,13.023066322008768,2.5004551338426997,27.58256682271052,9.478728070244468,0.06225275866450356,0.011411806377203165,0.004173221482935133,0.0007613600173517064,0.08588897073718646,0.016354680782395638,0.005778029959501059,0.0010951421600648762
subject_190,5.865077312834324,6.96641121318778,0.1968760354248015,0.0013913673599484165,0.3927229140085354,0.0024976322408952175,0.24132932060307974,0.004499101880327086,0.34061828037913816,0.0059618816869859755,12.863681734812381,2.669101294242975,27.16481400030367,10.418281617400073,0.06388411570709375,0.012460270911395106,0.0042940767832731356,0.0008321288251522346,0.08685932834817915,0.017695484781221307,0.005859556925261874,0.0011861232828406347
subject_191,5.920948765437484,6.977972965959116,0.19032509278853302,0.0017271309536031202,0.3788556638966748,0.0031582095575968276,0.23528134083808094,0.00565839306828273,0.3315588095564038,0.00748282071993418,13.053291645917025,3.089552892578973,27.9987329565593,11.102921568181989,0.061995249015246036,0.014215788832884864,0.004154429784045015,0.0009481126322769724,0.0857427867592618,0.020302115206458405,0.005765980366073972,0.0013590086423144834
subject_192,5.943589658570793,6.899881241882649,0.18744917299286176,0.0018700140180116364,0.3748531027697891,0.0033148161120760138,0.23260984685904182,0.005780991315107792,0.3289299308141083,0.0074938719827026675,13.312921604724844,2.7459332870714594,28.399694101372926,9.907608151356488,0.06200857428304673,0.012756913782196918,0.004150184990159633,0.000850835468670775,0.08642245610871385,0.018176922551576918,0.005804215235544058,0.0012167696077010214
subject_193,5.892534410892305,6.942604997415627,0.19065972887758179,0.0016097550399944652,0.3791025209493187,0.0029711007854520666,0.23559153247603914,0.005009551749470911,0.33172317679829194,0.006740519706260465,12.711898724238077,2.7471368023843477,27.218147992228438,9.981111344125205,0.0604357066866952,0.013120142307878318,0.00404948320393611,0.0008762670697295471,0.08351181981106925,0.018508982216170134,0.005615377312459588,0.0012408504193609894
subject_194,5.878681056679515,6.8783086606868284,0.1900019737643314,0.0017670178214210463,0.3765021852996157,0.0033005253814083336,0.23498169555354584,0.0055601713837152246,0.33002927785281655,0.007386501349406779,12.54024447816791,2.8376116656293773,26.92959417964866,10.03413832829244,0.05924446808000411,0.013141930129156834,0.003970714312680006,0.0008768749994076595,0.08200848124651804,0.01874059881025046,0.005515694778887117,0.0012550756803713357
subject_195,5.876756206108927,6.923798208891782,0.19105202012550404,0.0016407565355971096,0.38137714540563594,0.003163700288068825,0.2359549944427085,0.0053682503763349,0.3332113325492514,0.007343069183592527,12.769122925671663,2.784278194109599,27.257905380896677,9.874227060065454,0.060836910431068494,0.012424387754207702,0.004079970953952341,0.0008279966117731971,0.08397896800014935,0.017950273945376287,0.005651828150903514,0.0012005778767259366
subject_196,5.8691777885579075,7.1184579942217665,0.1936986351933832,0.0017808589258402727,0.38634173150624246,0.003174949379988558,0.23840226068827158,0.005756118761736513,0.33645885517269924,0.0074271347559600395,12.732780610672151,3.0353589009756994,27.133466865416036,11.379560445393208,0.06180032036689616,0.01407043234465066,0.004149031095551484,0.0009390050198180112,0.08471877457393563,0.020056440569000345,0.005707996448140073,0.0013434834745313397
subject_197,5.920131665458216,6.959227626368307,0.1873647235489379,0.002067030042403854,0.37284202193853866,0.003785508920797362,0.23253124603748523,0.006502651543981497,0.32760432778141063,0.008577066448123373,12.872671339246963,3.1862006000798155,27.771224633236216,11.25404857712828,0.059749248049753914,0.014741309005047509,0.00399897635031522,0.0009830700928777371,0.0832925096092969,0.0210344437166846,0.005594006596247852,0.001407890891271161
subject_198,5.872685602814487,6.973152327778182,0.1941265215118478,0.0019031075868952202,0.38724089905170817,0.0034073499811476883,0.2387971302382614,0.005797960083080489,0.3370460079779981,0.007592213146105405,12.693427874584392,3.012281261911296,27.157618216488377,10.915388539731081,0.06174412370948131,0.014563615365331208,0.004145573271997474,0.0009722883835278526,0.08454758302381804,0.020444236682519143,0.005696934866682125,0.0013701226920983462
subject_199,5.893419412219603,7.020898596989985,0.1924333389078082,0.001745651403621844,0.3843731195347551,0.0032018075587403557,0.2372333192730612,0.005435589939819458,0.33517331046199683,0.007257777606754393,12.90382576952077,2.996179130342272,27.487544159081857,10.76134766856035,0.06213932140695013,0.013940004426352418,0.0041690607515698095,0.0009302310374258358,0.0854656598061955,0.019846472612283228,0.005754424581063204,0.001329339133345021
subject_200,5.871391772533438,6.9284287589841105,0.1944031413887952,0.00219078630817561,0.38822289427486867,0.0036902114646675597,0.23905228963170694,0.00624867650570054,0.33768763644301075,0.007846738649267335,12.684652858310274,2.9527582363648848,27.144654055148177,10.294231989840275,0.06188104642278759,0.014085411522580181,0.004154406125399373,0.0009403506758398248,0.08467424835902872,0.019882137997518225,0.005704999880790031,0.001332368996764906
subject_201,5.859809586714053,7.0654908496585955,0.19460517459579516,0.0015936822999397724,0.38858727458241776,0.0029379477196776675,0.23923859151863588,0.005115846990772009,0.3379252019966756,0.006748312300242567,12.655592843739674,2.771663063704365,27.032288576158713,10.057480277591702,0.061753319036796116,0.012751712624926536,0.004147053042376287,0.000850845553490033,0.08445515954282101,0.01822452612713045,0.005691937865813984,0.0012205141411286964
subject_202,5.884904326428194,7.099264035145984,0.18641889274159984,0.0021640518871176694,0.3709820588388569,0.0038692541364705848,0.23165031330691152,0.006296619461106866,0.3263777327552238,0.008222263981626763,12.630789043927432,3.4977522221478545,27.005665079724718,12.149996568934462,0.05816287864662098,0.01670986927674743,0.003892857042535641,0.001115090419040579,0.0812881855993988,0.02357991051666711,0.005459390543229265,0.0015794750273197995
subject_203,5.877650496895555,6.951159140195827,0.19377460873362018,0.0019191922207481855,0.3865059651752119,0.003471573206689715,0.23847238783137417,0.006002104833944672,0.33656612528092783,0.007772821947095223,12.815317577785915,2.8658267343887176,27.170026068653712,10.308152673772241,0.06228692587561373,0.013303872985127247,0.004180503473661641,0.0008879081644468033,0.08536898655552115,0.018954309655187854,0.005750164086353012,0.0012697232485242205
subject_204,5.858171744786787,6.975454667022618,0.19441536133697102,0.0019587652876068696,0.3858772645822555,0.003423137002560197,0.23906355944819777,0.006167532876981556,0.33616555228896655,0.007789960389196358,12.524706770675351,2.998058172789487,26.92001145071056,10.877680752281936,0.06098457327786126,0.014322638555168384,0.004095429791442818,0.0009566588201934058,0.08344487177909612,0.020202682790753518,0.005623833802571522,0.001354510795779727
subject_205,5.8716215324512655,7.00969561595314,0.19444800230718617,0.0021011272648300858,0.38628559667278145,0.0036606916533789783,0.23909366163270523,0.0064469687950259235,0.33642887700224705,0.00820476932747349,12.775204239469586,3.135331703556908,27.143266148595366,10.915639911843705,0.06235849164254598,0.014736684363648684,0.004187184382585612,0.0009834800286052266,0.0853175919512463,0.020908956331809437,0.005749347217639936,0.001400609653481455
subject_206,5.859565153534319,6.989428622415817,0.19370752773508085,0.0018618970946537618,0.3873377957090203,0.003509855179091112,0.23841046927687168,0.0058172947294570405,0.33711239737393045,0.007829137478737822,12.546344858829423,3.0774514891884546,26.930661660986484,10.705565580215968,0.06078812851945759,0.014728856355858069,0.004081387413611471,0.0009836156313230457,0.08332927729416026,0.020764029083574564,0.00561480696770313,0.0013919350186555907
subject_207,5.887164193222563,6.981814141267381,0.19102180150883621,0.0018245172851383633,0.3808875850161543,0.0031859980888574715,0.2359270032135169,0.005715832895740071,0.3328900886359456,0.007386188497045108,12.715133320201526,3.073477438001922,27.178642465622744,11.053963036698569,0.06057447786118659,0.014505452633361211,0.004061089171381748,0.0009678980462804819,0.08362342828934756,0.02053418596342925,0.005626118167407476,0.0013753312219737378
subject_208,5.899704081348484,6.974177076213531,0.1939565492775931,0.0018146069683198265,0.38509077251592017,0.0032088089832900636,0.23864029955875413,0.005529589120285749,0.3356502195242798,0.007114623504858649,12.954795365381722,2.8386640663098808,27.619846804887956,10.382272443712365,0.0630933026854752,0.013515697236304837,0.004234742897720768,0.0009022641743881798,0.08643329862537899,0.01909061623513059,0.0058220296242143,0.0012792424121119135
subject_209,5.863249900035025,6.989969095319637,0.19280674788218027,0.0020808819621720436,0.38540420112477397,0.0034698259049292805,0.23757849171564907,0.006487724702002143,0.3358486957138093,0.007996058775903097,12.676819343759556,3.042096495628357,27.06237998533738,10.9686796814638,0.061118365888045756,0.01396229527064408,0.004102119975095579,0.0009316011250286915,0.08397922412527895,0.0199711635348258,0.0056565290427139,0.001337443435761384
subject_210,5.90410668157261,6.935923536605542,0.19254460438461823,0.0017884176997746096,0.3837753138490535,0.003268179027869368,0.2373361885493352,0.0056744565359306935,0.3347812984306855,0.0074984609316909815,12.987341459351356,2.876106002114036,27.653401640118304,10.343983330906704,0.06263047419232907,0.01338830841835294,0.004201510621445969,0.0008929116075224019,0.08611610451208289,0.019063859759741904,0.005797534264026728,0.0012761141164667664
subject_211,5.885124301387247,7.065862884012493,0.1911213756762014,0.0016828916940322984,0.3791751750804792,0.0030973981870724104,0.23601923367224933,0.005533516390264232,0.33177887175810045,0.007344330700354065,12.797937198118731,3.031947125088085,27.377252860140732,11.02148903427258,0.06103181272779996,0.01375398185771953,0.004092228440831715,0.0009169210345074075,0.08423262073289393,0.019740162949706503,0.00566777690980126,0.0013207870435820463
subject_212,5.876013444716689,7.033720021760796,0.1910092719041181,0.0021543529037346605,0.38067253076483,0.003911251473632892,0.23591539683021295,0.00649696372621738,0.332749296474126,0.008568133592694394,12.573441678827459,3.2582286469864123,27.125840597747665,11.485261224987807,0.059841982217679855,0.015068160492216305,0.004012371964278778,0.0010057649839077774,0.08261493765787489,0.02147527563168922,0.005558809454654819,0.001438753345200858
subject_213,5.843872725130373,6.991667537732369,0.19417019491724827,0.001845365456561141,0.38792846132787345,0.0033681999403591695,0.23883742145094444,0.005899333280364253,0.33749616096268364,0.007760694552499821,12.605831406333229,3.1173350738756582,26.64556367922846,11.458087345246666,0.06134319985204626,0.01451732207681071,0.004119298349738002,0.0009689867760495846,0.08398898986385821,0.02066029849918412,0.00566018881851547,0.001384142683816151
subject_214,5.893378228803639,6.8889145283628395,0.18649883030574246,0.0020715463556046096,0.3720952968340095,0.0037273897155299255,0.23172480912032448,0.006305585580020953,0.32711012244978915,0.008259514624715433,12.694570367986504,2.93789898024665,27.250241382198976,10.288786819821182,0.05849932949284581,0.01389126713236696,0.003916027021323117,0.0009270766682954731,0.08174072022179579,0.019650253799452296,0.005490704437878151,0.0013163523195618408
subject_215,5.9046920574065505,7.003419248455847,0.19585378666135966,0.0012368378168127582,0.38990323355885437,0.002199806432580948,0.24038891006289068,0.004210223666591877,0.33878379993755187,0.005557492969541418,13.098469972610474,2.6103068566081498,27.870443514835536,10.053652161874934,0.06469530127069763,0.012488148606155668,0.004345350550315455,0.000833979892235786,0.08819371497265675,0.017608996876049783,0.0059450172132856135,0.001180342815234205
subject_216,5.895971345771391,6.996013752075721,0.19040937444742523,0.0017918218939677309,0.3794407098453905,0.003142193781225011,0.23535947873873067,0.0058246089991987274,0.33194147008892017,0.0074140592797223345,12.756444740174997,3.212559614518676,27.394553398561158,11.434268394495442,0.06053429283792803,0.015588576663082117,0.0040565966643841805,0.0010405763327943499,0.08370348177545846,0.021879350007439628,0.005628947322237826,0.001466072098508976
subject_217,5.892173822974904,7.046555171974788,0.1932834576884704,0.0017907738263182756,0.38342724888291757,0.0032143066455140655,0.23801891080572712,0.005826131884912961,0.3345658619314262,0.00762278668011525,12.754655732048882,3.258077288516844,27.409185211043,11.3543762669427,0.061765864530390915,0.015347503599480788,0.004144366062017438,0.001024304415024202,0.08476334663428725,0.02175853829844237,0.005707714446750848,0.0014576320494950738
subject_218,5.830423330220391,6.974551789908602,0.19197757806273008,0.0019698756782460104,0.3823968915260297,0.003545061316923117,0.23681179525393278,0.006076850751273566,0.33387956166036614,0.008044853302394997,12.233486725826456,3.143688075470202,26.40861540424711,11.095134745503158,0.05846674398778935,0.01472826956370698,0.003924323752544731,0.0009831200394332126,0.08051056831500698,0.020897887644400506,0.005423063016058359,0.0014001983709391343
subject_219,5.888000635615444,6.944471363139604,0.1938145427882525,0.0018147390379850486,0.3828318905466748,0.0034280258604298714,0.23850924608175744,0.00582214649505442,0.3341801416199193,0.007860414538722903,12.718801101048788,3.162518653002652,27.28233103444398,11.245743218800262,0.06182553017646225,0.014422385926021491,0.004148559036256825,0.0009618624327839216,0.08472787076673631,0.020678389793582788,0.0057056363220887125,0.0013841269929891584
subject_220,5.89808349131498,6.900864358799578,0.19018320058385163,0.0017603596252180232,0.37618198877262266,0.00317834661487124,0.23514977239990686,0.005536062675634474,0.32982014841518664,0.007172124665250188,12.836971751367203,2.8017386908483024,27.43045395314937,10.566099248128554,0.06085191895784262,0.012958702837440765,0.004077030115143758,0.0008643365401072694,0.08419315512668381,0.018491899514705396,0.005660672094535328,0.0012378807443508017
subject_221,5.845667944184118,7.050154818165224,0.1922341873670125,0.0021316272039736276,0.3790812637190235,0.003809340841577216,0.23704915876395813,0.006360003228417437,0.33172008047353785,0.008279555928838805,12.44539242200177,2.898422232179931,26.536369474572332,10.57355059075582,0.05970426377099411,0.013670135191523446,0.004005425685258348,0.0009125035855083919,0.08215936551581973,0.01937100188296192,0.0055314341276261605,0.0012979061637034342
subject_222,5.881429529846321,7.051386490632612,0.19057232158808607,0.0016296787162638588,0.37968142321066467,0.002944516104622675,0.23551052324419783,0.005348917251871282,0.3320995627935851,0.007014975435989275,12.814819235392292,2.871744167323064,27.42036150019536,10.630313215468528,0.060864788054245014,0.013188963808796157,0.0040807901703453055,0.0008796266317369186,0.0841240804811142,0.018864101297330214,0.005660090705655908,0.0012627927100717317
subject_223,5.918553615461689,6.9051548048018585,0.19425692600408068,0.002054290128046296,0.3868522986747573,0.0033754898005457614,0.23891742911936967,0.006327310922384598,0.3367931792453408,0.007749232118148032,13.13400671939657,2.5523200059177897,27.95747346580385,9.631939719778217,0.06418739287338615,0.011896530875764227,0.004307205856245147,0.0007936862002704817,0.08786357371332087,0.016929122780310214,0.005917062271886699,0.0011336397311781806
subject_224,5.877479995774914,6.9309241163637205,0.19427597161265361,0.0014898425481123874,0.3881271327298481,0.002778988101224618,0.23893499711102092,0.004952670752817182,0.33762573307708427,0.006656460171192294,12.778456641568079,2.840512736277147,27.342719498728616,10.4144043585524,0.0623034043198009,0.01304299294123749,0.004183043796602569,0.000870022885408426,0.0852803226648538,0.018637076469919155,0.005746210743534464,0.0012477502631771244
subject_225,5.87022227429448,7.108456089084412,0.19477469422259705,0.0012724355298250247,0.3884698804813745,0.002315610799787818,0.239394874191205,0.0043784099548845245,0.33784792384167384,0.005770356715901814,12.785931540258003,2.9648122492462696,27.1474351253545,11.377952573920982,0.0625504703128504,0.01348558001827525,0.0042009636994639245,0.0008996578626490889,0.0855077852318151,0.019348629959223578,0.005763415638896796,0.0012955620702620432
subject_226,5.88906679934663,6.86526559079588,0.19131486652059804,0.0017399774302864091,0.37712825574260583,0.003247864133288045,0.23619842000295893,0.005590798178463416,0.33043747985017924,0.0074513698447370436,12.724883339621803,2.8469125742864123,27.28736123753608,9.79389471367513,0.06075667695686855,0.013319757489395324,0.004073492949215256,0.0008885060512300709,0.08381013504575677,0.01893142213613431,0.0056389674477915755,0.0012675581356089843
subject_227,5.8882761009327025,6.929194366330824,0.19462021430914295,0.0025191150742813846,0.38596086321054757,0.00452615284927143,0.23925245823012442,0.007280959561514243,0.3362240483342845,0.009422773796866318,12.6739073341543,3.226857164893487,27.22598459390507,10.916445699933286,0.06195712701565334,0.015482157729448057,0.004157979328749813,0.001033770858393102,0.08473072733626637,0.021809499367372896,0.005706713918233269,0.0014617988606479232
subject_228,5.912590115795246,7.02724992390171,0.1940564652400589,0.0018888506797531026,0.3840835142526661,0.0035471360817183094,0.2387324945899625,0.005929264284250103,0.33500439788669,0.007993771165991353,13.109428609862471,3.188249586206494,27.955670642243692,11.173070028033,0.0639612207708229,0.014767650294632003,0.004292096816333374,0.0009854057848928156,0.08759957279972015,0.021057378553261005,0.00589935828834903,0.001410322725696133
subject_229,5.896116573204903,6.964244311448521,0.19176696946381222,0.001778520944578133,0.3800642949929101,0.0033602058019971998,0.23661692311030624,0.005722030164453446,0.33236738941067745,0.007692251526022541,12.846075693766277,3.0840473536289097,27.465649597007335,10.536873574767837,0.06153640202893673,0.013931058640991282,0.004125992088294648,0.0009286626004740045,0.0847847245578308,0.020041880976670784,0.005704889120921288,0.0013408935130532836
subject_230,5.860230108607147,7.035936514790772,0.1931304347585381,0.0019551719670135963,0.3860294357493115,0.0037104194842346163,0.23787756675127714,0.006119930348189925,0.33625712894281473,0.008293578572128663,12.678577343622843,3.257328596982089,27.012501001757645,11.448345576620524,0.06126193262176234,0.015208750200913205,0.00411256138709545,0.0010152410772114769,0.08410526607340801,0.02162405014934496,0.005666160885785181,0.0014488884275057983
subject_231,5.861025622206876,7.018101557648379,0.19513857144469413,0.001501756349829951,0.3870688287200885,0.0028195186581449834,0.23973022325532384,0.005027469267578753,0.33694666139993307,0.006721719397961337,12.565829806857638,3.026972918799429,26.959912253202067,11.122614540059896,0.0615604501287883,0.014026428187658757,0.004135038020481729,0.0009364375904377202,0.08407519383566418,0.019993198856929312,0.005667665448513584,0.0013397396325787905
subject_232,5.901990292304507,7.048858750996863,0.19096032963175907,0.001880576215391706,0.3777704834611737,0.0033266683814776364,0.23587005895731425,0.006092277718207242,0.3308645379430344,0.007896416441493808,12.827858181914896,3.220861386771154,27.393730319961854,11.538394965046699,0.06115057002223196,0.014336691842526637,0.004098061007610628,0.0009557922927377559,0.08443250593797798,0.020726781997711937,0.005678254129741325,0.0013868057247752572
subject_233,5.868535744543926,7.136969918639362,0.19568833287973317,0.0018394784437458904,0.3884666981747568,0.0033466604385740686,0.24023658677996498,0.005881238543130498,0.3378553387412406,0.007782402252173751,12.601392449754657,3.296916871359854,27.15552911600736,12.120612574871297,0.06199075685590215,0.01523715934601242,0.004164484976092109,0.0010167242967264434,0.08454281269132154,0.021743217000026658,0.005699983040614982,0.0014562308410163123
subject_234,5.9141613967315445,6.99485941412791,0.1951225112647507,0.0019283527981306706,0.38674499790641476,0.0035290739373108706,0.23971542550120137,0.00589591035418856,0.33673911804493684,0.007805586561137362,13.091842142018404,2.982214721164318,27.850159934498173,10.450239226449048,0.06436373412089154,0.014040598717721389,0.004320208476169219,0.0009369066548881632,0.08790754637818764,0.019910960122435182,0.005921713111411519,0.0013336081723890297
subject_235,5.8865935000176135,6.874977809743509,0.18939938154063052,0.001923520730106551,0.37748675858407527,0.003548513857566687,0.23442253944770836,0.005988289650365744,0.3306585363408598,0.007917988547945702,12.775321856291608,3.0639567543761896,27.251246332370844,10.992512222605802,0.06016809306448723,0.01391193481890252,0.0040315633325766174,0.0009274289319607533,0.08342056748280366,0.01997962388305639,0.00560914330670854,0.0013367800134263146
subject_236,5.898707782390395,7.05749648013396,0.18955234664292564,0.002025351366182999,0.37864261404374544,0.003719262949366152,0.23456452056953705,0.006182711766011053,0.33141862242585285,0.008299301122066336,12.886030803425145,3.4089514167621884,27.427248009593423,12.048928545777637,0.06073770650656716,0.016006358100143152,0.004070396335080617,0.001068146390394939,0.08417602238791139,0.022719261000509253,0.0056608808510963384,0.0015217506851731954
subject_237,5.854918594622754,6.854905836508866,0.19198277490118648,0.0017655116418776795,0.381138308223623,0.0032236644698206245,0.23681660311415015,0.005678767823637885,0.33306347560779,0.007522026293335922,12.4903642565313,2.721272085652207,26.71290990688395,9.79920667432071,0.05980405645304058,0.012313661046228943,0.004012891744298072,0.0008208305666211025,0.08235101871874619,0.017705229005021098,0.005545380966364287,0.0011845205237301516
subject_238,5.8859484589598985,6.996296277435602,0.18869321302239997,0.0017205308053263716,0.37690699186307614,0.0031601209109293513,0.23376670669837077,0.0055186301037043126,0.33027852770138255,0.007302359669457623,12.681275705496471,2.872549196686408,27.45083984007728,10.703364948321667,0.059369493950717146,0.013085062678852434,0.003978091366623903,0.00087279020321313,0.0824685727076266,0.01876697351089763,0.005545119544821667,0.0012563551671276212
subject_239,5.885558400253564,6.906384835138072,0.19168932904754493,0.002007270199318167,0.3806538140884402,0.0036344128937811078,0.23654507040929248,0.0063427249629656604,0.3327448854043644,0.008283217549515406,12.75502126024227,2.8658257975722807,27.149301102566678,10.039850548431927,0.06107287511163026,0.013203421719947553,0.004095302442756776,0.000880305606097998,0.0841632277511201,0.018868388612296436,0.00566360474405437,0.0012626206449945809
subject_240,5.878506117572384,6.859770607125832,0.19142262683618194,0.001984732998396074,0.3822263397121862,0.003651964195355923,0.23629819410215352,0.006252753693014809,0.3337679161688352,0.00826220134985333,12.710788128351924,2.839657713668515,27.059287472619108,10.03904093664452,0.06072785832559433,0.012950824208825335,0.004071928437506441,0.0008638107861978256,0.08374655642402347,0.01856697579451063,0.00563521082692366,0.0012429446129948991
